,id_onibus,latitude,longitude,tempo_captura,tipo_veiculo
0,EA008,-25.468856,-49.255635,16:33,COMUM
1,EA027,-25.536658,-49.27292,16:32,COMUM
2,GI855,-25.435511,-49.273995,16:34,MICRO ESPECIAL
3,GI856,-25.515993,-49.27512,16:34,MICRO ESPECIAL
4,DA033,-25.468226,-49.25512,16:31,COMUM
5,DC298,-25.492566,-49.220766,16:34,COMUM
6,DA015,-25.492616,-49.205165,16:33,COMUM
7,DA294,-25.467971,-49.255381,16:33,COMUM
8,DA298,-25.46721,-49.255255,16:34,COMUM
9,MT013,-25.443336,-49.242553,16:34,PADRON
10,BT007,-25.404985,-49.302966,16:33,PADRON
11,MT010,-25.438745,-49.270066,16:33,PADRON
12,MT008,-25.4294,-49.272703,16:33,PADRON
13,MT009,-25.422926,-49.312748,16:32,PADRON
14,BT003,-25.415446,-49.320763,16:27,PADRON
15,BT010,-25.389096,-49.267463,16:33,PADRON
16,BT009,-25.407315,-49.282973,16:31,PADRON
17,BT008,-25.405093,-49.302936,16:33,PADRON
18,MT011,-25.4296,-49.269203,16:33,PADRON
19,BT006,-25.413166,-49.271231,16:34,PADRON
20,BB307,-25.379493,-49.280143,16:33,HIBRIDO
21,MT006,-25.419673,-49.293943,16:33,PADRON
22,HC850,-25.447185,-49.26925,16:33,MICRO ESPECIAL
23,DL306,-25.430498,-49.211048,16:34,PADRON
24,BL339,-25.4781,-49.24379,16:33,PADRON
25,EL322,-25.4489,-49.304671,16:33,PADRON
26,GL325,-25.422565,-49.291108,16:29,PADRON
27,DL314,-25.491708,-49.293085,16:33,PADRON
28,EL332,-25.455693,-49.2678,16:33,PADRON
29,EL323,-25.533105,-49.266758,16:33,PADRON
30,GL321,-25.472245,-49.261393,16:33,PADRON
31,GL320,-25.534636,-49.26856,16:32,PADRON
32,GL322,-25.44707,-49.223946,16:34,PADRON
33,DL308,-25.42751,-49.237273,16:33,PADRON
34,BL311,-25.467636,-49.298576,16:32,PADRON
35,DL307,-25.43386,-49.301606,16:34,PADRON
36,BL326,-25.428075,-49.297416,16:34,PADRON
37,BL336,-25.413118,-49.259911,16:33,PADRON
38,GI004,-25.53454,-49.268921,16:33,COMUM
39,BI870,-25.387333,-49.268465,16:33,MICRO ESPECIAL
40,KB608,-25.515108,-49.271298,16:32,ARTICULADO
41,KB607,-25.50707,-49.246816,16:34,ARTICULADO
42,CB601,-25.464703,-49.214218,16:33,ARTICULADO
43,BB613,-25.387206,-49.211501,16:33,ARTICULADO
44,CB604,-25.44404,-49.208393,16:33,ARTICULADO
45,CI002,-25.430123,-49.271396,16:33,COMUM
46,CI004,-25.426528,-49.258911,16:34,COMUM
47,DN604,-25.45621,-49.240081,16:33,MICRO ESPECIAL
48,GI006,-25.519175,-49.2956,16:34,COMUM
49,HE610,-25.527736,-49.240601,16:33,ARTICULADO
50,HE615,-25.521218,-49.295545,16:33,ARTICULADO
51,HE612,-25.473696,-49.269755,16:34,ARTICULADO
52,HI009,-25.479743,-49.324315,16:34,COMUM
53,JI018,-25.460816,-49.336785,16:34,COMUM
54,BI892,-25.363851,-49.28025,16:32,MICRO ESPECIAL
55,BI896,-25.36896,-49.324668,16:21,MICRO ESPECIAL
56,BI850,-25.426526,-49.279415,16:33,MICRO ESPECIAL
57,JI019,-25.494993,-49.338865,16:34,COMUM
58,HI049,-25.496625,-49.347565,16:33,COMUM
59,JI859,-25.429991,-49.318826,16:33,MICRO ESPECIAL
60,MI850,-25.422218,-49.34643,16:34,MICRO ESPECIAL
61,BI884,-25.41169,-49.327683,16:34,MICRO ESPECIAL
62,ML306,-25.426873,-49.202535,16:33,PADRON
63,ML309,-25.430968,-49.277193,16:33,PADRON
64,BL313,-25.422885,-49.24742,16:33,PADRON
65,CL300,-25.401265,-49.329753,16:33,PADRON
66,MI851,-25.430096,-49.266786,16:34,MICRO ESPECIAL
67,HI026,-25.512923,-49.294916,16:34,COMUM
68,HE724,-25.451478,-49.287903,16:34,BIARTICULADO
69,HE721,-25.441785,-49.277545,16:33,BIARTICULADO
70,HE731,-25.480165,-49.2924,16:33,BIARTICULADO
71,HE726,-25.507286,-49.295843,16:34,BIARTICULADO
72,HI032,-25.533318,-49.300831,16:33,COMUM
73,HA022,-25.512653,-49.295233,16:33,COMUM
74,HI607,-25.569353,-49.332181,16:34,ARTICULADO
75,JC309,-25.442756,-49.271678,16:33,PADRON
76,JC314,-25.481498,-49.343923,16:34,PADRON
77,JC304,-25.476533,-49.322203,16:32,PADRON
78,JC315,-25.443518,-49.27017,16:33,PADRON
79,JI860,-25.435723,-49.271523,16:33,MICRO ESPECIAL
80,JL321,-25.345946,-49.266565,16:33,PADRON
81,JL316,-25.432251,-49.26403,16:33,PADRON
82,JE710,-25.430243,-49.292603,16:34,BIARTICULADO
83,DE713,-25.441206,-49.236351,16:34,BIARTICULADO
84,DE712,-25.441698,-49.346966,16:29,BIARTICULADO
85,DE701,-25.437598,-49.266641,16:34,BIARTICULADO
86,DE718,-25.463591,-49.210521,16:34,BIARTICULADO
87,DE709,-25.467923,-49.25517,16:33,BIARTICULADO
88,BI853,-25.433306,-49.376675,16:34,MICRO ESPECIAL
89,HB605,-25.477211,-49.327503,16:34,ARTICULADO
90,HB608,-25.423961,-49.35162,16:33,ARTICULADO
91,HB610,-25.51399,-49.31219,16:34,ARTICULADO
92,HB611,-25.423865,-49.351366,16:34,ARTICULADO
93,GB610,-25.478345,-49.325551,16:32,ARTICULADO
94,GB606,-25.549365,-49.291241,16:34,ARTICULADO
95,KA604,-25.534993,-49.236443,16:34,ARTICULADO
96,KA602,-25.495048,-49.287268,16:33,ARTICULADO
97,BA011,-25.409418,-49.354215,16:34,COMUM
98,BI897,-25.431861,-49.290168,16:31,MICRO ESPECIAL
99,BB601,-25.386026,-49.273306,16:31,ARTICULADO
100,KB605,-25.490338,-49.255458,16:33,ARTICULADO
101,EB600,-25.411101,-49.247716,16:34,ARTICULADO
102,KB603,-25.4477,-49.304828,16:31,ARTICULADO
103,BB310,-25.440205,-49.221098,16:34,HIBRIDO
104,BA013,-25.431665,-49.315055,16:33,COMUM
105,HA016,-25.574453,-49.328798,16:34,COMUM
106,HI046,-25.553261,-49.332943,16:33,COMUM
107,BC022,-25.43086,-49.328545,16:34,COMUM
108,BC018,-25.435173,-49.308538,16:33,COMUM
109,DC854,-25.42342,-49.26809,16:34,MICRO ESPECIAL
110,GI030,-25.503033,-49.290011,16:34,COMUM
111,BI893,-25.378771,-49.277988,16:33,MICRO ESPECIAL
112,DC853,-25.435703,-49.27154,16:34,MICRO ESPECIAL
113,BC925,-25.373193,-49.26311,16:34,MICRO ESPECIAL
114,BC927,-25.426638,-49.237991,16:34,MICRO ESPECIAL
115,BI895,-25.41464,-49.220095,16:34,MICRO ESPECIAL
116,BI030,-25.431456,-49.279313,16:34,COMUM
117,DC092,-25.435046,-49.264353,16:34,COMUM
118,DC292,-25.460758,-49.223685,16:33,COMUM
119,GI038,-25.568828,-49.283271,16:34,COMUM
120,GI003,-25.532123,-49.297216,16:33,COMUM
121,HA023,-25.517183,-49.295665,16:34,COMUM
122,HI021,-25.591303,-49.32619,16:34,COMUM
123,HA024,-25.538825,-49.307906,16:31,COMUM
124,BI011,-25.364045,-49.242173,16:32,COMUM
125,BI024,-25.398221,-49.318896,16:30,COMUM
126,GI011,-25.538851,-49.258925,16:33,COMUM
127,EI008,-25.534263,-49.296055,16:33,COMUM
128,GI017,-25.533191,-49.243565,16:31,COMUM
129,EA003,-25.533946,-49.296196,16:34,COMUM
130,EA009,-25.469105,-49.255433,16:34,COMUM
131,HI045,-25.497088,-49.321293,16:34,COMUM
132,BI859,-25.408793,-49.291698,16:33,MICRO ESPECIAL
133,BI851,-25.453783,-49.278298,16:34,MICRO ESPECIAL
134,HI861,-25.524588,-49.33192,16:34,MICRO ESPECIAL
135,HI006,-25.535298,-49.331806,16:33,COMUM
136,DC855,-25.435973,-49.235643,16:34,MICRO ESPECIAL
137,MI001,-25.416778,-49.294728,16:33,COMUM
138,MI002,-25.414668,-49.303966,16:33,COMUM
139,EI007,-25.516375,-49.25629,16:33,COMUM
140,EI018,-25.488823,-49.281506,16:33,COMUM
141,DA296,-25.475351,-49.25876,16:33,COMUM
142,BE718,-25.512721,-49.294643,16:32,BIARTICULADO
143,HE609,-25.408821,-49.219851,16:33,ARTICULADO
144,KI001,-25.5411,-49.294465,16:33,COMUM
145,GI005,-25.488126,-49.331175,16:34,COMUM
146,JA300,-25.534365,-49.268201,16:33,PADRON
147,GI027,-25.512775,-49.288836,16:34,COMUM
148,BE729,-25.44163,-49.277235,16:34,BIARTICULADO
149,BE725,-25.399766,-49.246333,16:33,BIARTICULADO
150,HE714,-25.429303,-49.267905,16:33,BIARTICULADO
151,HE717,-25.440975,-49.275308,16:33,BIARTICULADO
152,BE719,-25.401885,-49.248255,16:34,BIARTICULADO
153,BE713,-25.463683,-49.29087,16:33,BIARTICULADO
154,BE708,-25.461985,-49.290226,16:31,BIARTICULADO
155,BE710,-25.421541,-49.26625,16:34,BIARTICULADO
156,BE724,-25.378935,-49.22706,16:33,BIARTICULADO
157,GE727,-25.49173,-49.29351,16:33,BIARTICULADO
158,HI002,-25.551976,-49.305406,16:26,COMUM
159,HI038,-25.587125,-49.318026,16:33,COMUM
160,JI006,-25.457175,-49.30365,16:34,COMUM
161,JI020,-25.47469,-49.318315,16:34,COMUM
162,JI008,-25.469631,-49.303851,16:34,COMUM
163,HI601,-25.523953,-49.296353,16:34,ARTICULADO
164,HI043,-25.585283,-49.340331,16:33,COMUM
165,HI610,-25.573873,-49.328103,16:33,ARTICULADO
166,GE608,-25.501206,-49.237625,16:34,ARTICULADO
167,GE605,-25.535311,-49.27298,16:33,ARTICULADO
168,GE607,-25.476081,-49.292653,16:34,ARTICULADO
169,HI042,-25.580566,-49.31731,16:33,COMUM
170,HI024,-25.588455,-49.318588,16:34,COMUM
171,HN403,-25.482856,-49.30611,16:33,MICRO ESPECIAL
172,DN605,-25.435343,-49.273733,16:33,MICRO ESPECIAL
173,GI050,-25.560435,-49.26877,16:33,COMUM
174,BC028,-25.427273,-49.255345,16:33,COMUM
175,BI875,-25.413356,-49.279441,16:34,MICRO ESPECIAL
176,BI880,-25.375453,-49.22001,16:34,MICRO ESPECIAL
177,DA011,-25.467546,-49.207115,16:34,COMUM
178,EI006,-25.536873,-49.272775,16:34,COMUM
179,GI007,-25.535635,-49.271133,16:34,COMUM
180,EI002,-25.499325,-49.238373,16:34,COMUM
181,HE715,-25.470765,-49.255236,16:33,BIARTICULADO
182,GE724,-25.436665,-49.269163,16:33,BIARTICULADO
183,HE720,-25.506546,-49.28418,16:33,BIARTICULADO
184,BI865,-25.383056,-49.258571,16:34,MICRO ESPECIAL
185,JB301,-25.478,-49.325535,16:34,PADRON
186,EB609,-25.452743,-49.229923,16:34,ARTICULADO
187,KB606,-25.450968,-49.252938,16:34,ARTICULADO
188,CI008,-25.3886,-49.205883,16:31,COMUM
189,DA850,-25.448605,-49.204906,16:34,MICRO ESPECIAL
190,DN601,-25.436088,-49.274666,16:31,MICRO ESPECIAL
191,DC852,-25.442911,-49.247805,16:33,MICRO ESPECIAL
192,EI004,-25.485696,-49.228663,16:33,COMUM
193,EI014,-25.522138,-49.230108,16:33,COMUM
194,EA026,-25.496756,-49.272313,16:34,COMUM
195,EI011,-25.482011,-49.246686,16:33,COMUM
196,GI010,-25.521041,-49.295593,16:33,COMUM
197,EI017,-25.465923,-49.250101,16:33,COMUM
198,EA015,-25.460426,-49.249495,16:34,COMUM
199,GI853,-25.565671,-49.28866,16:34,MICRO ESPECIAL
200,HI856,-25.529806,-49.300323,16:34,MICRO ESPECIAL
201,HI862,-25.51274,-49.33037,16:33,MICRO ESPECIAL
202,HI048,-25.517065,-49.326358,16:34,COMUM
203,HI855,-25.519568,-49.295618,16:33,MICRO ESPECIAL
204,BB603,-25.496248,-49.274485,16:34,ARTICULADO
205,BB608,-25.393305,-49.283671,16:34,ARTICULADO
206,EB606,-25.417926,-49.242543,16:34,ARTICULADO
207,GB608,-25.455151,-49.231123,16:34,ARTICULADO
208,BB305,-25.443351,-49.304933,16:33,HIBRIDO
209,BI010,-25.363835,-49.232016,16:31,COMUM
210,HI859,-25.435475,-49.299166,16:34,MICRO ESPECIAL
211,BI861,-25.418805,-49.269253,16:33,MICRO ESPECIAL
212,JI852,-25.459681,-49.319403,16:33,MICRO ESPECIAL
213,JI851,-25.438368,-49.272418,16:33,MICRO ESPECIAL
214,JL324,-25.435886,-49.306266,16:33,PADRON
215,HL322,-25.433728,-49.252423,16:33,PADRON
216,DC086,-25.452116,-49.214903,16:34,COMUM
217,DN602,-25.481978,-49.195015,16:34,MICRO ESPECIAL
218,DN600,-25.491905,-49.207451,16:34,MICRO ESPECIAL
219,DN607,-25.439256,-49.266061,16:33,MICRO ESPECIAL
220,MI852,-25.403136,-49.3514,16:34,MICRO ESPECIAL
221,MN609,-25.396765,-49.345258,16:34,MICRO ESPECIAL
222,MI855,-25.410691,-49.347126,16:34,MICRO ESPECIAL
223,EI012,-25.51805,-49.230811,16:34,COMUM
224,EI009,-25.522953,-49.250148,16:34,COMUM
225,GI023,-25.523725,-49.293485,16:31,COMUM
226,EI016,-25.539793,-49.241913,16:34,COMUM
227,EI010,-25.464251,-49.244983,16:33,COMUM
228,EI001,-25.488563,-49.275203,16:33,COMUM
229,GE602,-25.454698,-49.260451,16:34,ARTICULADO
230,KE708,-25.515705,-49.230623,16:31,BIARTICULADO
231,GE601,-25.44706,-49.264025,16:34,ARTICULADO
232,GI021,-25.551373,-49.277416,16:34,COMUM
233,GI854,-25.536145,-49.283566,16:34,MICRO ESPECIAL
234,GI851,-25.474635,-49.277901,16:34,MICRO ESPECIAL
235,HI047,-25.515476,-49.304386,16:33,COMUM
236,HI850,-25.420331,-49.269016,16:33,MICRO ESPECIAL
237,BI867,-25.382093,-49.23866,16:34,MICRO ESPECIAL
238,BC904,-25.438136,-49.358146,16:34,MICRO ESPECIAL
239,BC307,-25.417946,-49.264561,16:33,PADRON
240,BC302,-25.40744,-49.255025,16:34,PADRON
241,BI858,-25.425191,-49.271463,16:33,MICRO ESPECIAL
242,BI862,-25.380775,-49.279766,16:34,MICRO ESPECIAL
243,BI873,-25.380528,-49.237351,16:34,MICRO ESPECIAL
244,BI869,-25.385131,-49.261628,16:34,MICRO ESPECIAL
245,BI871,-25.424911,-49.268835,16:34,MICRO ESPECIAL
246,BI013,-25.410163,-49.204105,16:34,COMUM
247,HI036,-25.50041,-49.354265,16:26,COMUM
248,HI033,-25.511905,-49.332431,16:34,COMUM
249,JI850,-25.483855,-49.35029,16:33,MICRO ESPECIAL
250,JI864,-25.480925,-49.33709,16:33,MICRO ESPECIAL
251,MN608,-25.392656,-49.334936,16:34,MICRO ESPECIAL
252,MN603,-25.426383,-49.279651,16:33,MICRO ESPECIAL
253,CI007,-25.385168,-49.20522,16:34,COMUM
254,MI854,-25.36895,-49.326733,16:34,MICRO ESPECIAL
255,EI015,-25.521673,-49.239101,16:34,COMUM
256,GI031,-25.545598,-49.251303,16:34,COMUM
257,EI003,-25.496885,-49.22871,16:34,COMUM
258,EL328,-25.495273,-49.24063,16:34,PADRON
259,BL330,-25.414146,-49.267471,16:34,PADRON
260,BL317,-25.450303,-49.255548,16:34,PADRON
261,EI013,-25.516733,-49.248963,16:33,COMUM
262,GI850,-25.465348,-49.270505,16:34,MICRO ESPECIAL
263,GI020,-25.55701,-49.296125,16:34,COMUM
264,HI012,-25.483636,-49.332166,16:34,COMUM
265,HI852,-25.532946,-49.334376,16:34,MICRO ESPECIAL
266,HI860,-25.484158,-49.317288,16:33,MICRO ESPECIAL
267,BI887,-25.376873,-49.224331,16:33,MICRO ESPECIAL
268,BI879,-25.436768,-49.209815,16:34,MICRO ESPECIAL
269,XY041,-25.445173,-49.251778,16:34,PADRON
270,HI606,-25.476126,-49.2924,16:33,ARTICULADO
271,DA698,-25.407451,-49.252901,16:33,ARTICULADO
272,JI866,-25.470725,-49.351931,16:33,MICRO ESPECIAL
273,JI863,-25.4566,-49.351441,16:33,MICRO ESPECIAL
274,JI015,-25.464221,-49.34011,16:33,COMUM
275,JI948,-25.44179,-49.286258,16:33,MICRO ESPECIAL
276,JI862,-25.443391,-49.289618,16:33,MICRO ESPECIAL
277,JI865,-25.471341,-49.32388,16:34,MICRO ESPECIAL
278,HI039,-25.517548,-49.295666,16:34,COMUM
279,HI027,-25.564821,-49.328428,16:34,COMUM
280,DC093,-25.487945,-49.199925,16:34,COMUM
281,HI007,-25.517033,-49.32636,16:34,COMUM
282,GI033,-25.523435,-49.243628,16:33,COMUM
283,HA029,-25.483615,-49.348721,16:33,COMUM
284,HI044,-25.500935,-49.319798,16:34,COMUM
285,HL323,-25.488111,-49.296665,16:34,PADRON
286,HL325,-25.471235,-49.284896,16:33,PADRON
287,HL317,-25.406418,-49.251986,16:34,PADRON
288,GI028,-25.536233,-49.27287,16:34,COMUM
289,GI053,-25.555943,-49.267336,16:34,COMUM
290,GI019,-25.549495,-49.292235,16:34,COMUM
291,HI034,-25.492693,-49.311156,16:34,COMUM
292,BI023,-25.373225,-49.274396,16:33,COMUM
293,BI899,-25.40634,-49.247761,16:34,MICRO ESPECIAL
294,GI047,-25.531545,-49.267461,16:34,COMUM
295,BI898,-25.420273,-49.274676,16:33,MICRO ESPECIAL
296,GI035,-25.465481,-49.278475,16:34,COMUM
297,BC026,-25.381678,-49.300835,16:33,COMUM
298,GI032,-25.513175,-49.29476,16:33,COMUM
299,BI021,-25.37558,-49.219518,16:33,COMUM
300,BI902,-25.374785,-49.223263,16:34,MICRO ESPECIAL
301,BI860,-25.39408,-49.2168,16:33,MICRO ESPECIAL
302,BC009,-25.39292,-49.303345,16:33,COMUM
303,HI017,-25.439065,-49.273533,16:34,COMUM
304,BI009,-25.409991,-49.220123,16:33,COMUM
305,BI874,-25.35872,-49.24195,16:33,MICRO ESPECIAL
306,BI868,-25.378745,-49.262576,16:33,MICRO ESPECIAL
307,BI864,-25.398013,-49.236941,16:34,MICRO ESPECIAL
308,GI858,-25.4487,-49.268775,16:33,MICRO ESPECIAL
309,BC031,-25.417055,-49.204128,16:34,COMUM
310,BI878,-25.353971,-49.258495,16:34,MICRO ESPECIAL
311,BI026,-25.447296,-49.256198,16:34,COMUM
312,BI885,-25.423998,-49.253513,16:33,MICRO ESPECIAL
313,BC941,-25.44779,-49.30836,16:34,MICRO ESPECIAL
314,BI877,-25.417426,-49.225178,16:34,MICRO ESPECIAL
315,BI001,-25.407963,-49.250255,16:33,COMUM
316,BI019,-25.38266,-49.25119,16:31,COMUM
317,BI872,-25.383201,-49.256395,16:34,MICRO ESPECIAL
318,BI028,-25.450553,-49.252888,16:33,COMUM
319,BI016,-25.385181,-49.248,16:33,COMUM
320,BI866,-25.435333,-49.244448,16:34,MICRO ESPECIAL
321,BC305,-25.420136,-49.274686,16:34,PADRON
322,BC852,-25.423015,-49.263568,16:34,MICRO ESPECIAL
323,BI900,-25.436925,-49.212115,16:34,MICRO ESPECIAL
324,BC023,-25.426486,-49.256566,16:33,COMUM
325,BI890,-25.414071,-49.322235,16:33,MICRO ESPECIAL
326,MN605,-25.42499,-49.278715,16:34,MICRO ESPECIAL
327,MI853,-25.419803,-49.294093,16:33,MICRO ESPECIAL
328,MN405,-25.429513,-49.277501,16:34,MICRO ESPECIAL
329,MN607,-25.419751,-49.293976,16:34,MICRO ESPECIAL
330,DA291,-25.467736,-49.194721,16:33,COMUM
331,DA029,-25.450416,-49.228068,16:33,COMUM
332,DC085,-25.468816,-49.207885,16:33,COMUM
333,DA292,-25.516763,-49.230708,16:33,COMUM
334,DA295,-25.467916,-49.255746,16:33,COMUM
335,09025,-25.47255,-49.29442,16:33,NAO ESPECIFICADO
336,HL311,-25.537481,-49.30697,16:30,PADRON
337,JL313,-25.448725,-49.366016,16:33,PADRON
338,BI027,-25.415365,-49.281263,16:34,COMUM
339,00026,-25.473376,-49.251426,16:34,NAO ESPECIFICADO
340,GI052,-25.548366,-49.292395,16:33,COMUM
341,JA036,-25.449313,-49.365935,16:34,COMUM
342,EL074,-25.468086,-49.255885,16:33,PADRON
343,MC304,-25.419201,-49.294723,16:34,PADRON
344,BC002,-25.39525,-49.242931,16:30,COMUM
345,DE721,-25.467765,-49.255333,16:32,BIARTICULADO
346,HA008,-25.539268,-49.307765,16:33,COMUM
347,HA605,-25.53913,-49.307486,16:32,ARTICULADO
348,KE704,-25.467066,-49.254878,16:33,BIARTICULADO
349,GI015,-25.549583,-49.292156,16:33,COMUM
350,EL333,-25.467323,-49.255868,16:34,PADRON
351,BA029,-25.398523,-49.212471,16:34,COMUM
352,DA301,-25.469011,-49.254901,16:33,PADRON
353,EA212,-25.468298,-49.256111,16:33,COMUM
354,03014,-25.49212,-49.29308,16:33,NAO ESPECIFICADO
355,HI003,-25.53886,-49.308026,16:33,COMUM
356,HC854,-25.53721,-49.306756,16:33,MICRO ESPECIAL
357,HE723,-25.539096,-49.308275,16:33,BIARTICULADO
358,JC011,-25.449481,-49.366983,16:33,COMUM
359,00068,-25.53258,-49.2618,16:33,NAO ESPECIFICADO
360,EA075,-25.468358,-49.255781,16:33,COMUM
361,JC317,-25.449363,-49.366793,16:34,PADRON
362,GI046,-25.548551,-49.292315,16:34,COMUM
363,01000,-25.40131,-49.32976,16:34,NAO ESPECIFICADO
364,00015,-25.50624,-49.23518,16:33,NAO ESPECIFICADO
365,03047,-25.43778,-49.26699,16:34,NAO ESPECIFICADO
366,03028,-25.42835,-49.27325,16:33,NAO ESPECIFICADO
367,05048,-25.40999,-49.2559,16:32,NAO ESPECIFICADO
368,DL311,-25.467821,-49.254855,16:34,PADRON
369,GI008,-25.549803,-49.292093,16:33,COMUM
370,07001,-25.400444,-49.33105,16:34,NAO ESPECIFICADO
371,BE714,-25.39458,-49.242753,16:33,BIARTICULADO
372,MC302,-25.419305,-49.294511,16:34,PADRON
373,02028,-25.43239,-49.26446,16:33,NAO ESPECIFICADO
374,JL305,-25.448633,-49.366115,16:32,PADRON
375,HI603,-25.53843,-49.307563,16:33,ARTICULADO
376,HI030,-25.539145,-49.3078,16:33,COMUM
377,00070,-25.467731,-49.25552,16:34,NAO ESPECIFICADO
378,05045,-25.415276,-49.260627,16:34,NAO ESPECIFICADO
379,BI857,-25.398776,-49.21298,16:34,MICRO ESPECIAL
380,GL310,-25.5487,-49.290878,16:34,PADRON
381,HI854,-25.53723,-49.30668,16:32,MICRO ESPECIAL
382,BI004,-25.399121,-49.21255,16:34,COMUM
383,JA023,-25.449155,-49.365886,16:28,COMUM
384,JL603,-25.449161,-49.367215,16:34,ARTICULADO
385,HL303,-25.537546,-49.307235,16:32,PADRON
386,EA024,-25.469148,-49.255408,16:33,COMUM
387,HD252,-25.53883,-49.307046,16:34,BIARTICULADO
388,BI014,-25.395116,-49.24256,16:32,COMUM
389,03032,-25.4569,-49.28852,16:33,NAO ESPECIFICADO
390,GL300,-25.548346,-49.291026,16:33,PADRON
391,EA001,-25.468326,-49.256095,16:34,COMUM
392,HA014,-25.540416,-49.308051,16:33,COMUM
393,03036,-25.44826,-49.28802,16:33,NAO ESPECIFICADO
394,HE707,-25.539413,-49.308078,16:33,BIARTICULADO
395,HL321,-25.537516,-49.306875,16:33,PADRON
396,HI016,-25.538788,-49.308016,16:33,COMUM
397,BE703,-25.394898,-49.242423,16:33,BIARTICULADO
398,JL601,-25.449181,-49.36722,16:28,ARTICULADO
399,HA126,-25.538686,-49.308056,16:34,COMUM
400,06027,-25.438397,-49.238611,16:34,NAO ESPECIFICADO
401,BB303,-25.510903,-49.3417,16:33,HIBRIDO
402,GE704,-25.549641,-49.291465,16:33,BIARTICULADO
403,DE711,-25.467913,-49.255153,16:33,BIARTICULADO
404,BL601,-25.414883,-49.28089,16:33,ARTICULADO
405,03023,-25.44181,-49.26821,16:34,NAO ESPECIFICADO
406,HA606,-25.538933,-49.307368,16:33,ARTICULADO
407,JE708,-25.448996,-49.366463,16:34,BIARTICULADO
408,HL494,-25.53793,-49.30685,16:31,PADRON
409,08060,-25.435968,-49.274617,16:33,NAO ESPECIFICADO
410,EL075,-25.46766,-49.256341,16:34,PADRON
411,EL312,-25.467708,-49.256575,16:34,PADRON
412,GI036,-25.548896,-49.292206,16:34,COMUM
413,HA004,-25.539121,-49.30727,16:33,COMUM
414,HE602,-25.53841,-49.30716,16:33,ARTICULADO
415,BA018,-25.415156,-49.280493,16:33,COMUM
416,GL317,-25.548921,-49.29075,16:34,PADRON
417,05062,-25.41052,-49.24828,16:33,NAO ESPECIFICADO
418,05061,-25.38088,-49.22881,16:34,NAO ESPECIFICADO
419,KE703,-25.467306,-49.255095,16:33,BIARTICULADO
420,HC852,-25.537186,-49.306903,16:33,MICRO ESPECIAL
421,CL600,-25.38139,-49.185391,16:33,ARTICULADO
422,EA189,-25.469591,-49.255015,16:33,COMUM
423,GA698,-25.548753,-49.29147,16:34,ARTICULADO
424,BA017,-25.415486,-49.280983,16:34,COMUM
425,KA693,-25.467383,-49.254795,16:33,ARTICULADO
426,JC300,-25.449373,-49.366778,16:33,PADRON
427,BL334,-25.415403,-49.281478,16:33,PADRON
428,BE712,-25.394781,-49.242181,16:33,BIARTICULADO
429,BI889,-25.39448,-49.242433,16:33,MICRO ESPECIAL
430,GC007,-25.548768,-49.291335,16:33,COMUM
431,BA001,-25.39514,-49.242811,16:33,COMUM
432,HC853,-25.53718,-49.306766,16:34,MICRO ESPECIAL
433,HA612,-25.538836,-49.30741,16:34,ARTICULADO
434,06053,25.436971,-49.243638,16:32,NAO ESPECIFICADO
435,JL314,-25.44862,-49.365893,16:31,PADRON
436,BE716,-25.394671,-49.242606,16:34,BIARTICULADO
437,BI894,-25.414566,-49.280535,16:34,MICRO ESPECIAL
438,02037,-25.41066,-49.2662,16:34,NAO ESPECIFICADO
439,JL310,-25.448593,-49.366096,16:33,PADRON
440,KA699,-25.467386,-49.254586,16:33,ARTICULADO
441,BL328,-25.414423,-49.2809,16:33,PADRON
442,00001,-25.517123,-49.23046,16:33,NAO ESPECIFICADO
443,GB607,-25.549456,-49.290981,16:34,ARTICULADO
444,DL313,-25.467916,-49.254995,16:34,PADRON
445,HB302,-25.538388,-49.307043,16:33,PADRON
446,GC002,-25.548915,-49.291218,16:34,COMUM
447,HL304,-25.537681,-49.306775,16:33,PADRON
448,00045,-25.43374,-49.270152,16:33,NAO ESPECIFICADO
449,GE709,-25.549563,-49.291485,16:33,BIARTICULADO
450,BB605,-25.39498,-49.242623,16:29,ARTICULADO
451,03007,-25.47621,-49.29284,16:34,NAO ESPECIFICADO
452,03021,-25.44831,-49.28535,16:34,NAO ESPECIFICADO
453,EA019,-25.468658,-49.255796,16:33,COMUM
454,BC314,-25.398333,-49.212148,16:34,HIBRIDO
455,GR032,-25.550433,-49.291773,16:33,ARTICULADO
456,GC005,-25.548828,-49.291245,16:33,COMUM
457,HI853,-25.539738,-49.307953,16:32,MICRO ESPECIAL
458,00072,-25.502193,-49.237199,16:33,NAO ESPECIFICADO
459,DN608,-25.467828,-49.25428,16:34,MICRO ESPECIAL
460,JB606,-25.449101,-49.367208,16:27,ARTICULADO
461,06052,-25.436935,-49.243868,16:33,NAO ESPECIFICADO
462,MB601,-25.419481,-49.294126,16:33,ARTICULADO
463,00023,-25.47594,-49.24996,16:34,NAO ESPECIFICADO
464,BL607,-25.414618,-49.280696,16:34,ARTICULADO
465,GI016,-25.549588,-49.292245,16:34,COMUM
466,HI004,-25.540011,-49.308425,16:34,COMUM
467,GC010,-25.549818,-49.291336,16:33,COMUM
468,BA004,-25.395221,-49.242615,16:34,COMUM
469,03054,-25.429866,-49.267438,16:32,NAO ESPECIFICADO
470,JC301,-25.449353,-49.36668,16:33,PADRON
471,JI009,-25.449311,-49.366208,16:27,COMUM
472,09014,-25.49954,-49.29599,16:34,NAO ESPECIFICADO
473,KB697,-25.467416,-49.254566,16:33,ARTICULADO
474,JA032,-25.449148,-49.366153,16:34,COMUM
475,00019,-25.48966,-49.24328,16:33,NAO ESPECIFICADO
476,09035,-25.436319,-49.274627,16:33,NAO ESPECIFICADO
477,08059,-25.43397,-49.27703,16:33,NAO ESPECIFICADO
478,HE728,-25.53941,-49.308331,16:33,BIARTICULADO
479,GI041,-25.549985,-49.290506,16:33,COMUM
480,02025,-25.42892,-49.22498,16:34,NAO ESPECIFICADO
481,HB600,-25.538125,-49.30739,16:33,ARTICULADO
482,HB604,-25.540531,-49.308325,16:33,ARTICULADO
483,BC024,-25.415461,-49.281243,16:33,COMUM
484,GL305,-25.548486,-49.290926,16:34,PADRON
485,JI010,-25.449356,-49.366608,16:33,COMUM
486,DC293,-25.468276,-49.25513,16:33,COMUM
487,MANT6,-25.549671,-49.290611,16:33,NAO ESPECIFICADO
488,BC032,-25.398471,-49.212383,16:33,COMUM
489,09068,-25.434093,-49.269195,16:34,NAO ESPECIFICADO
490,GI037,-25.549895,-49.290695,16:33,COMUM
491,DL315,-25.467515,-49.255025,16:33,PADRON
492,GE612,-25.549398,-49.290663,16:34,ARTICULADO
493,CC297,-25.381641,-49.186036,16:33,COMUM
494,GL601,-25.548506,-49.291653,16:34,ARTICULADO
495,BB498,-25.399003,-49.212138,16:33,PADRON
496,GB609,-25.549225,-49.291301,16:33,ARTICULADO
497,06047,-25.44173,-49.23072,16:33,NAO ESPECIFICADO
498,JL312,-25.448598,-49.365853,16:34,PADRON
499,00039,-25.44365,-49.26567,16:32,NAO ESPECIFICADO
500,EL602,-25.468281,-49.255988,16:34,ARTICULADO
501,BL323,-25.415755,-49.281243,16:33,PADRON
502,HA296,-25.539196,-49.308011,16:33,COMUM
503,JA020,-25.44925,-49.365828,16:30,COMUM
504,KB693,-25.467325,-49.254598,16:34,ARTICULADO
505,CA300,-25.381873,-49.186325,16:34,PADRON
506,BB302,-25.415126,-49.281086,16:34,HIBRIDO
507,BI852,-25.414578,-49.28053,16:33,MICRO ESPECIAL
508,BI015,-25.394365,-49.242435,16:32,COMUM
509,GL326,-25.54925,-49.29064,16:34,PADRON
510,HA199,-25.539106,-49.307938,16:34,COMUM
511,GI002,-25.550025,-49.292051,16:33,COMUM
512,06045,-25.43884,-49.2263,16:31,NAO ESPECIFICADO
513,GC008,-25.548708,-49.291318,16:33,COMUM
514,HL600,-25.538165,-49.307326,16:31,ARTICULADO
515,HE708,-25.538883,-49.308333,16:34,BIARTICULADO
516,GI009,-25.549803,-49.292111,16:33,COMUM
517,HC014,-25.538243,-49.307721,16:34,COMUM
518,HC851,-25.537213,-49.306833,16:25,MICRO ESPECIAL
519,HR804,-25.53804,-49.307221,16:33,ARTICULADO
520,GL315,-25.548853,-49.290828,16:33,PADRON
521,08057,-25.43134,-49.27877,16:34,NAO ESPECIFICADO
522,CL039,-25.381166,-49.186145,16:33,PADRON
523,GI018,-25.549328,-49.290231,16:34,COMUM
524,GB605,-25.549331,-49.291241,16:33,ARTICULADO
525,BL603,-25.414648,-49.280928,16:33,ARTICULADO
526,EL326,-25.467468,-49.255996,16:34,PADRON
527,EA077,-25.468318,-49.255746,16:34,COMUM
528,MC079,-25.41921,-49.294806,16:33,COMUM
529,JI005,-25.449146,-49.36535,16:33,COMUM
530,KB696,-25.467355,-49.25461,16:33,ARTICULADO
531,EA206,-25.468625,-49.255828,16:34,COMUM
532,HC300,-25.539986,-49.307741,16:31,HIBRIDO
533,GA178,-25.54817,-49.292093,16:33,COMUM
534,HI604,-25.538863,-49.30763,16:33,ARTICULADO
535,DN020,-25.468075,-49.255556,16:33,MICRO
536,JE702,-25.448606,-49.36655,16:29,BIARTICULADO
537,EA191,-25.469571,-49.255115,16:33,COMUM
538,07030,-25.42835,-49.27325,16:34,NAO ESPECIFICADO
539,BC030,-25.39869,-49.212381,16:33,COMUM
540,03040,-25.44275,-49.28075,16:33,NAO ESPECIFICADO
541,DE699,-25.46818,-49.254485,16:34,ARTICULADO
542,GI048,-25.54851,-49.292355,16:34,COMUM
543,EA012,-25.468723,-49.25577,16:34,COMUM
544,07027,-25.42835,-49.27325,16:33,NAO ESPECIFICADO
545,09015,-25.49943,-49.29604,16:33,NAO ESPECIFICADO
546,HL319,-25.537536,-49.307265,16:31,PADRON
547,06000,-25.450978,-49.215447,16:34,NAO ESPECIFICADO
548,MB605,-25.419076,-49.294575,16:33,ARTICULADO
549,HE713,-25.538906,-49.308323,16:33,BIARTICULADO
550,02038,-25.43233,-49.26558,16:34,NAO ESPECIFICADO
551,DC296,-25.467716,-49.255575,16:33,COMUM
552,DE700,-25.467863,-49.255231,16:33,BIARTICULADO
553,DE694,-25.468183,-49.254581,16:34,ARTICULADO
554,HI602,-25.538965,-49.307555,16:31,ARTICULADO
555,06043,-25.44319,-49.21421,16:33,NAO ESPECIFICADO
556,HA006,-25.538978,-49.307951,16:34,COMUM
557,JA949,-25.44866,-49.36541,16:32,MICRO ESPECIAL
558,03048,25.43771,-49.2669,16:33,NAO ESPECIFICADO
559,CA001,-25.381633,-49.186106,16:33,COMUM
560,DC090,-25.468325,-49.255335,16:34,COMUM
561,HA012,-25.538553,-49.308095,16:33,COMUM
562,GL313,-25.548746,-49.290838,16:33,PADRON
563,JI604,-25.449001,-49.367215,16:32,ARTICULADO
564,EA007,-25.468946,-49.255576,16:32,COMUM
565,DN019,-25.467753,-49.254363,16:34,MICRO
566,JC310,-25.44937,-49.36693,16:30,PADRON
567,HL315,-25.537638,-49.307078,16:34,PADRON
568,HE608,-25.53813,-49.307101,16:33,ARTICULADO
569,HL699,-25.538233,-49.30732,16:33,ARTICULADO
570,JL320,-25.436271,-49.307375,16:34,PADRON
571,CC298,-25.381766,-49.186125,16:33,COMUM
572,HI040,-25.539346,-49.307828,16:33,COMUM
573,GE720,-25.548983,-49.291718,16:34,BIARTICULADO
574,HA198,-25.539376,-49.307816,16:33,COMUM
575,06061,-25.437654,-49.266996,16:33,NAO ESPECIFICADO
576,DE695,-25.468071,-49.254638,16:33,ARTICULADO
577,BC906,-25.39899,-49.212695,16:33,MICRO ESPECIAL
578,HA288,-25.539055,-49.307983,16:34,COMUM
579,GA003,-25.548143,-49.29188,16:34,COMUM
580,09019,-25.48787,-49.29425,16:33,NAO ESPECIFICADO
581,EA004,-25.468563,-49.25588,16:33,COMUM
582,MN611,-25.419318,-49.294413,16:33,MICRO ESPECIAL
583,JL304,-25.448581,-49.365815,16:32,PADRON
584,EL327,-25.467441,-49.256046,16:34,PADRON
585,02036,-25.41537,-49.26791,16:33,NAO ESPECIFICADO
586,03019,-25.513697,-49.295752,16:33,NAO ESPECIFICADO
587,GE719,-25.549648,-49.29159,16:33,BIARTICULADO
588,HL306,-25.537665,-49.306875,16:34,PADRON
589,EL601,-25.468228,-49.255851,16:33,ARTICULADO
590,JI602,-25.44933,-49.367161,16:33,ARTICULADO
591,EA183,-25.468656,-49.255755,16:33,COMUM
592,BI881,-25.394,-49.242125,16:33,MICRO ESPECIAL
593,GE711,-25.54909,-49.291666,16:33,BIARTICULADO
594,BA022,-25.415045,-49.280656,16:34,COMUM
595,GI043,-25.548561,-49.292231,16:34,COMUM
596,BE711,-25.39438,-49.242051,16:34,BIARTICULADO
597,GE701,-25.549341,-49.291563,16:34,BIARTICULADO
598,02084,-25.547664,-49.260224,16:34,NAO ESPECIFICADO
599,MA003,-25.419051,-49.294703,16:34,COMUM
600,HE703,-25.539803,-49.30803,16:34,BIARTICULADO
601,JA301,-25.449113,-49.3658,16:29,PADRON
602,HA619,-25.538585,-49.307686,16:33,ARTICULADO
603,BE727,-25.399108,-49.212846,16:33,BIARTICULADO
604,HC006,-25.538263,-49.307708,16:34,COMUM
605,HE614,-25.538166,-49.30707,16:33,ARTICULADO
606,DE705,-25.467958,-49.255173,16:30,BIARTICULADO
607,HC502,-25.538453,-49.307725,16:34,SEMI PADRON
608,HL497,-25.537621,-49.306995,16:34,PADRON
609,MB499,-25.419766,-49.294518,16:33,PADRON
610,EL307,-25.467508,-49.25622,16:34,PADRON
611,CL698,-25.382198,-49.186041,16:33,ARTICULADO
612,JE848,-25.448673,-49.365715,16:34,BIARTICULADO
613,BA019,-25.415205,-49.280715,16:34,COMUM
614,DA022,-25.467608,-49.255846,16:33,COMUM
615,DE722,-25.467953,-49.255355,16:32,BIARTICULADO
616,HL698,-25.538068,-49.307191,16:33,ARTICULADO
617,HC013,-25.538173,-49.307741,16:34,COMUM
618,BL320,-25.415866,-49.281365,16:33,PADRON
619,HE718,-25.539275,-49.308206,16:33,BIARTICULADO
620,BA601,-25.395281,-49.243035,16:31,ARTICULADO
621,HA027,-25.538873,-49.30788,16:32,COMUM
622,KB601,-25.467311,-49.25483,16:33,ARTICULADO
623,07025,-25.42835,-49.27325,16:34,NAO ESPECIFICADO
624,BC850,-25.398656,-49.213275,16:33,MICRO ESPECIAL
625,HR409,-25.538768,-49.307663,16:34,ARTICULADO
626,06035,-25.44701,-49.21698,16:33,NAO ESPECIFICADO
627,05047,-25.41323,-49.25867,16:34,NAO ESPECIFICADO
628,BN628,-25.395206,-49.24232,16:33,MICRO ESPECIAL
629,EA601,-25.46765,-49.256133,16:34,ARTICULADO
630,EA210,-25.468495,-49.255933,16:34,COMUM
631,BL335,-25.415345,-49.28134,16:34,PADRON
632,BL602,-25.414746,-49.280803,16:34,ARTICULADO
633,BB602,-25.398771,-49.212068,16:34,ARTICULADO
634,GI040,-25.549965,-49.290515,16:34,COMUM
635,BE721,-25.394606,-49.242668,16:34,BIARTICULADO
636,JE706,-25.44936,-49.365646,16:33,BIARTICULADO
637,KA600,-25.467578,-49.254676,16:33,ARTICULADO
638,BC013,-25.39556,-49.242771,16:34,COMUM
639,HD246,-25.538825,-49.307096,16:33,BIARTICULADO
640,KE706,-25.466965,-49.254878,16:34,BIARTICULADO
641,HR407,-25.538898,-49.307565,16:33,ARTICULADO
642,06054,-25.435705,-49.250699,16:33,NAO ESPECIFICADO
643,DL303,-25.467698,-49.254858,16:34,PADRON
644,BB614,-25.398731,-49.212091,16:34,ARTICULADO
645,03045,-25.43935,-49.2712,16:33,NAO ESPECIFICADO
646,HA030,-25.539341,-49.30775,16:33,COMUM
647,DR406,-25.46797,-49.25601,16:33,ARTICULADO
648,GD344,-25.550086,-49.29051,16:33,BIARTICULADO
649,EA205,-25.468558,-49.255868,16:34,COMUM
650,JC015,-25.44943,-49.367041,16:31,COMUM
651,HE603,-25.53835,-49.30722,16:33,ARTICULADO
652,HR117,-25.538,-49.307488,16:27,ARTICULADO
653,GI600,-25.548695,-49.291508,16:33,ARTICULADO
654,EL310,-25.467521,-49.25644,16:34,PADRON
655,05005,-25.39331,-49.24118,16:32,NAO ESPECIFICADO
656,DL304,-25.467895,-49.254733,16:34,PADRON
657,BB300,-25.398645,-49.212111,16:34,PADRON
658,DL317,-25.467616,-49.254968,16:31,PADRON
659,HD250,-25.538861,-49.30709,16:33,BIARTICULADO
660,CI003,-25.381746,-49.186118,16:34,COMUM
661,BL310,-25.415376,-49.2812,16:33,PADRON
662,KA697,-25.467306,-49.254631,16:33,ARTICULADO
663,HE705,-25.539216,-49.308183,16:33,BIARTICULADO
664,BA012,-25.415468,-49.281308,16:34,COMUM
665,GE606,-25.550275,-49.29165,16:33,ARTICULADO
666,05006,-25.39347,-49.20439,16:34,NAO ESPECIFICADO
667,BL610,-25.415576,-49.281175,16:34,ARTICULADO
668,HA007,-25.538823,-49.307996,16:33,COMUM
669,BE723,-25.394841,-49.242441,16:27,BIARTICULADO
670,HL495,-25.537938,-49.3068,16:33,PADRON
671,EA602,-25.467608,-49.256181,16:34,ARTICULADO
672,BC010,-25.415091,-49.280581,16:33,COMUM
673,BI029,-25.414968,-49.281208,16:34,COMUM
674,DN603,-25.525001,-49.295918,16:33,MICRO ESPECIAL
675,GE713,-25.54923,-49.291575,16:32,BIARTICULADO
676,GI300,-25.54842,-49.291633,16:34,PADRON
677,05041,-25.42321,-49.2676,16:33,NAO ESPECIFICADO
678,MN610,-25.419286,-49.294433,16:33,MICRO ESPECIAL
679,08054,-25.42953,-49.28374,16:33,NAO ESPECIFICADO
680,GR126,-25.549005,-49.291431,16:33,ARTICULADO
681,03041,-25.44266,-49.28067,16:34,NAO ESPECIFICADO
682,BA032,-25.395136,-49.242891,16:34,COMUM
683,GC004,-25.548863,-49.29126,16:32,COMUM
684,EL301,-25.46755,-49.256593,16:33,PADRON
685,HI035,-25.539485,-49.307696,16:32,COMUM
686,HI022,-25.539835,-49.307735,16:33,COMUM
687,HC004,-25.538286,-49.307821,16:33,COMUM
688,09066,-25.43899,-49.26817,16:34,NAO ESPECIFICADO
689,GC013,-25.548581,-49.291398,16:33,COMUM
690,DR804,-25.468165,-49.255883,16:33,ARTICULADO
691,GL600,-25.548543,-49.291556,16:33,ARTICULADO
692,GD346,-25.548641,-49.291781,16:32,BIARTICULADO
693,HE606,-25.538115,-49.307186,16:34,ARTICULADO
694,GE736,-25.549585,-49.29169,16:33,BIARTICULADO
695,HD242,-25.53887,-49.30707,16:33,BIARTICULADO
696,HA124,-25.53848,-49.308053,16:33,COMUM
697,CA697,-25.506053,-49.312745,16:34,ARTICULADO
698,16S45,-25.52605,-49.253493,16:34,ARTICULADO
699,EN601,-25.4691,-49.254838,16:34,MICRO ESPECIAL
700,KE702,-25.46698,-49.254821,16:34,BIARTICULADO
701,MC077,-25.419098,-49.294743,16:34,COMUM
702,BA010,-25.415266,-49.281291,16:33,COMUM
703,05022,-25.40651,-49.25221,16:33,NAO ESPECIFICADO
704,HL316,-25.540423,-49.308191,16:33,PADRON
705,EB608,-25.468476,-49.254683,16:34,ARTICULADO
706,GC018,-25.550305,-49.291378,16:34,COMUM
707,BB604,-25.39508,-49.242546,16:33,ARTICULADO
708,DC297,-25.467618,-49.255725,16:34,COMUM
709,MR106,-25.41948,-49.294211,16:33,ARTICULADO
710,DE719,-25.467705,-49.256073,16:34,BIARTICULADO
711,EA202,-25.468241,-49.256198,16:33,COMUM
712,CB602,-25.38094,-49.18622,16:34,ARTICULADO
713,BC019,-25.415171,-49.280595,16:33,COMUM
714,09002,-25.47735,-49.32631,16:34,NAO ESPECIFICADO
715,GD349,-25.548508,-49.29189,16:33,BIARTICULADO
716,00007,-25.48245,-49.24689,16:34,NAO ESPECIFICADO
717,CB603,-25.380953,-49.186231,16:34,ARTICULADO
718,BA034,-25.395131,-49.242575,16:34,COMUM
719,JB610,-25.449145,-49.365148,16:32,ARTICULADO
720,HI605,-25.538668,-49.307526,16:33,ARTICULADO
721,HB606,-25.537856,-49.307361,16:33,ARTICULADO
722,GI044,-25.548651,-49.292351,16:34,COMUM
723,02040,-25.525043,-49.247614,16:33,NAO ESPECIFICADO
724,00020,-25.49067,-49.24284,16:31,NAO ESPECIFICADO
725,HA613,-25.538803,-49.307445,16:32,ARTICULADO
726,GE708,-25.5488,-49.29181,16:33,BIARTICULADO
727,HA615,-25.538973,-49.30756,16:33,ARTICULADO
728,JA854,-25.449005,-49.367026,16:31,MICRO ESPECIAL
729,KB699,-25.467278,-49.25464,16:33,ARTICULADO
730,HI028,-25.540243,-49.30804,16:34,COMUM
731,HA128,-25.539226,-49.307878,16:34,COMUM
732,JI013,-25.44927,-49.365986,16:32,COMUM
733,HA026,-25.539095,-49.307943,16:34,COMUM
734,GE714,-25.549136,-49.291678,16:33,BIARTICULADO
735,EL308,-25.467618,-49.256406,16:34,PADRON
736,EL318,-25.468341,-49.254735,16:33,PADRON
737,BL307,-25.415356,-49.281318,16:32,PADRON
738,I9060,-25.548161,-49.29143,16:33,NAO ESPECIFICADO
739,GI051,-25.54842,-49.292383,16:34,COMUM
740,00004,-25.500415,-49.238116,16:33,NAO ESPECIFICADO
741,BN411,-25.414495,-49.280505,16:33,MICRO ESPECIAL
742,BD141,-25.39454,-49.242316,16:33,BIARTICULADO
743,CA600,-25.380678,-49.185915,16:34,ARTICULADO
744,GI603,-25.548576,-49.2916,16:33,ARTICULADO
745,05040,-25.42322,-49.26737,16:33,NAO ESPECIFICADO
746,09063,-25.47494,-49.25876,16:34,NAO ESPECIFICADO
747,HN615,-25.53717,-49.30689,16:31,MICRO ESPECIAL
748,08055,-25.42949,-49.28457,16:33,NAO ESPECIFICADO
749,HE604,-25.538258,-49.307248,16:34,ARTICULADO
750,HA194,-25.539571,-49.308858,16:32,COMUM
751,HE605,-25.453991,-49.364768,16:34,ARTICULADO
752,HL328,-25.53747,-49.307055,16:34,PADRON
753,JI601,-25.44912,-49.367166,16:33,ARTICULADO
754,08063,-25.43621,-49.27189,16:32,NAO ESPECIFICADO
755,BC014,-25.415311,-49.281306,16:34,COMUM
756,HA603,-25.539106,-49.307093,16:33,ARTICULADO
757,HN616,-25.537278,-49.306618,16:34,MICRO ESPECIAL
758,HC005,-25.538213,-49.30772,16:34,COMUM
759,GI857,-25.550128,-49.292013,16:33,MICRO ESPECIAL
760,00025,-25.47242,-49.25171,16:34,NAO ESPECIFICADO
761,00011,-25.53465,-49.26817,16:33,NAO ESPECIFICADO
762,08056,-25.43136,-49.27884,16:34,NAO ESPECIFICADO
763,06051,-25.438122,-49.23854,16:34,NAO ESPECIFICADO
764,DR801,-25.468176,-49.254748,16:34,ARTICULADO
765,HI041,-25.539316,-49.307711,16:34,COMUM
766,JL309,-25.448763,-49.365956,16:19,PADRON
767,HB694,-25.537991,-49.307553,16:31,ARTICULADO
768,GL327,-25.549123,-49.29084,16:34,PADRON
769,GD348,-25.548456,-49.291948,16:33,BIARTICULADO
770,EA006,-25.468376,-49.255831,16:33,COMUM
771,BA024,-25.394201,-49.242015,16:33,COMUM
772,06002,-25.469014,-49.208615,16:33,NAO ESPECIFICADO
773,XY042,-25.394375,-49.242083,16:32,ARTICULADO
774,08023,-25.428476,-49.284902,16:34,NAO ESPECIFICADO
775,HA197,-25.539245,-49.30775,16:33,COMUM
776,GR124,-25.549046,-49.291341,16:32,ARTICULADO
777,MC306,-25.418781,-49.294408,16:33,PADRON
778,EA074,-25.469063,-49.255483,16:34,COMUM
779,08058,-25.43392,-49.2722,16:34,NAO ESPECIFICADO
780,GI601,-25.548643,-49.29154,16:33,ARTICULADO
781,DN021,-25.467873,-49.254421,16:33,MICRO
782,BL306,-25.41535,-49.280806,16:33,PADRON
783,EL303,-25.467623,-49.256603,16:33,PADRON
784,GI026,-25.549233,-49.292231,16:33,COMUM
785,DE696,-25.468173,-49.254531,16:33,ARTICULADO
786,EL324,-25.467353,-49.255831,16:33,PADRON
787,GI029,-25.549083,-49.292223,16:34,COMUM
788,GE735,-25.548743,-49.291698,16:33,BIARTICULADO
789,BA021,-25.415106,-49.280565,16:33,COMUM
790,05060,-25.38073,-49.22882,16:33,NAO ESPECIFICADO
791,EL315,-25.46753,-49.256576,16:33,PADRON
792,DE698,-25.46806,-49.254275,16:34,ARTICULADO
793,HA608,-25.538881,-49.307391,16:33,ARTICULADO
794,09026,-25.46773,-49.29314,16:33,NAO ESPECIFICADO
795,BI600,-25.395246,-49.242656,16:33,ARTICULADO
796,EB601,-25.467485,-49.256018,16:30,ARTICULADO
797,EA021,-25.468956,-49.255566,16:34,COMUM
798,HC008,-25.538301,-49.307848,16:33,COMUM
799,GL081,-25.549125,-49.290378,16:33,PADRON
800,JL303,-25.4486,-49.366045,16:33,PADRON
801,EA186,-25.468378,-49.25605,16:34,COMUM
802,03037,-25.44819,-49.28793,16:33,NAO ESPECIFICADO
803,EL305,-25.467706,-49.256376,16:33,PADRON
804,GI055,-25.548248,-49.292393,16:32,COMUM
805,HA017,-25.538645,-49.308096,16:33,COMUM
806,09027,-25.46768,-49.29324,16:33,NAO ESPECIFICADO
807,EA199,-25.468326,-49.25578,16:34,COMUM
808,06032,-25.45731,-49.21304,16:30,NAO ESPECIFICADO
809,HL326,-25.537535,-49.30684,16:33,PADRON
810,JC302,-25.449455,-49.366588,16:27,PADRON
811,HB603,-25.537963,-49.307291,16:33,ARTICULADO
812,00016,-25.50725,-49.23473,16:33,NAO ESPECIFICADO
813,GE725,-25.54949,-49.291513,16:33,BIARTICULADO
814,JL306,-25.448601,-49.365971,16:27,PADRON
815,HL499,-25.537603,-49.307133,16:33,PADRON
816,EB605,-25.468525,-49.254661,16:34,ARTICULADO
817,BL604,-25.414873,-49.280915,16:34,ARTICULADO
818,06004,-25.46911,-49.208588,16:33,NAO ESPECIFICADO
819,EL331,-25.46735,-49.255925,16:33,PADRON
820,06044,-25.43893,-49.22629,16:34,NAO ESPECIFICADO
821,JI017,-25.449106,-49.365696,16:34,COMUM
822,06039,-25.44326,-49.20347,16:34,NAO ESPECIFICADO
823,HA699,-25.53866,-49.307676,16:33,ARTICULADO
824,MI003,-25.419348,-49.294525,16:34,COMUM
825,CC301,-25.381938,-49.185825,16:34,HIBRIDO
826,KI002,-25.466931,-49.255095,16:34,COMUM
827,06033,-25.45737,-49.21292,16:33,NAO ESPECIFICADO
828,JE701,-25.44889,-49.366441,16:32,BIARTICULADO
829,05056,-25.38888,-49.23616,16:33,NAO ESPECIFICADO
830,JI861,-25.448873,-49.365451,16:32,MICRO ESPECIAL
831,BL324,-25.398413,-49.212996,16:33,PADRON
832,HE711,-25.539793,-49.307983,16:33,BIARTICULADO
833,EA020,-25.468881,-49.255621,16:30,COMUM
834,03013,-25.513566,-49.295625,16:33,NAO ESPECIFICADO
835,MA013,-25.419225,-49.2945,16:34,COMUM
836,DC084,-25.467708,-49.256126,16:34,COMUM
837,GE718,-25.549096,-49.291666,16:34,BIARTICULADO
838,HB602,-25.538015,-49.307481,16:33,ARTICULADO
839,05032,-25.41988,-49.26886,16:32,NAO ESPECIFICADO
840,06048,-25.44182,-49.23078,16:34,NAO ESPECIFICADO
841,HL310,-25.537615,-49.307165,16:34,PADRON
842,JI600,-25.448911,-49.365561,16:33,ARTICULADO
843,EA076,-25.468318,-49.255761,16:33,COMUM
844,00071,-25.517509,-49.229589,16:33,NAO ESPECIFICADO
845,03026,-25.53573,-49.284706,16:33,NAO ESPECIFICADO
846,05068,-25.4294,-49.27239,16:33,NAO ESPECIFICADO
847,HB697,-25.540058,-49.308608,16:34,ARTICULADO
848,JC311,-25.449348,-49.36682,16:33,PADRON
849,MC076,-25.419411,-49.294426,16:33,COMUM
850,JI022,-25.449263,-49.36605,16:33,COMUM
851,HL324,-25.537586,-49.307118,16:34,PADRON
852,BA603,-25.394083,-49.242043,16:33,ARTICULADO
853,05001,-25.40652,-49.25306,16:33,NAO ESPECIFICADO
854,GA600,-25.54895,-49.291458,16:33,ARTICULADO
855,02108,-25.553087,-49.250978,16:34,NAO ESPECIFICADO
856,GE700,-25.549726,-49.29164,16:33,BIARTICULADO
857,JE700,-25.449226,-49.365176,16:34,BIARTICULADO
858,BL338,-25.415895,-49.281168,16:34,PADRON
859,HL496,-25.537925,-49.30686,16:33,PADRON
860,HA610,-25.538598,-49.307563,16:32,ARTICULADO
861,KC002,-25.466918,-49.254968,16:33,COMUM
862,KA691,-25.46726,-49.254633,16:33,ARTICULADO
863,HI029,-25.5391,-49.307803,16:33,COMUM
864,05039,-25.423994,-49.2687,16:33,NAO ESPECIFICADO
865,JB604,-25.449166,-49.367173,16:27,ARTICULADO
866,GB612,-25.549153,-49.29131,16:33,ARTICULADO
867,GI014,-25.549648,-49.292185,16:33,COMUM
868,BA036,-25.395076,-49.242718,16:34,COMUM
869,06029,-25.46515,-49.20975,16:33,NAO ESPECIFICADO
870,07002,-25.401553,-49.329706,16:34,NAO ESPECIFICADO
871,JB609,-25.449076,-49.367193,16:33,ARTICULADO
872,BB609,-25.398705,-49.212005,16:34,ARTICULADO
873,JL319,-25.521513,-49.329576,16:33,PADRON
874,ML307,-25.41896,-49.294585,16:34,PADRON
875,DA014,-25.46803,-49.255313,16:33,COMUM
876,BC908,-25.395016,-49.24269,16:34,MICRO ESPECIAL
877,BC008,-25.415178,-49.28057,16:34,COMUM
878,HC303,-25.539968,-49.307796,16:34,HIBRIDO
879,GA601,-25.548875,-49.29145,16:34,ARTICULADO
880,MC851,-25.419825,-49.29397,16:34,MICRO ESPECIAL
881,GE706,-25.549276,-49.291588,16:33,BIARTICULADO
882,03069,-25.44477,-49.28555,16:33,NAO ESPECIFICADO
883,06062,-25.43585,-49.27485,16:33,NAO ESPECIFICADO
884,09033,-25.435962,-49.27443,16:33,NAO ESPECIFICADO
885,MB300,-25.419518,-49.29437,16:33,PADRON
886,HA021,-25.539106,-49.30778,16:33,COMUM
887,02034,-25.41758,-49.26859,16:33,NAO ESPECIFICADO
888,JE703,-25.448975,-49.366653,16:32,BIARTICULADO
889,MI004,-25.419796,-49.294361,16:33,COMUM
890,HL301,-25.540026,-49.308458,16:32,PADRON
891,CI005,-25.381905,-49.185831,16:33,COMUM
892,06049,-25.4408,-49.23658,16:33,NAO ESPECIFICADO
893,GI049,-25.548475,-49.292381,16:32,COMUM
894,EL325,-25.467413,-49.255985,16:33,PADRON
895,02029,-25.42702,-49.26462,16:33,NAO ESPECIFICADO
896,HA601,-25.538693,-49.30764,16:34,ARTICULADO
897,00008,-25.48171,-49.24728,16:33,NAO ESPECIFICADO
898,HI011,-25.539925,-49.307916,16:33,COMUM
899,MANT4,-25.549831,-49.291026,16:33,NAO ESPECIFICADO
900,JA022,-25.449248,-49.365923,16:33,COMUM
901,HL314,-25.537503,-49.306918,16:34,PADRON
902,GI057,-25.548155,-49.292148,16:33,COMUM
903,BC015,-25.41442,-49.281205,16:32,COMUM
904,03010,-25.511663,-49.323774,16:34,NAO ESPECIFICADO
905,DC983,-25.448916,-49.229276,16:34,COMUM
906,JA033,-25.449278,-49.36575,16:33,COMUM
907,EA010,-25.468478,-49.25573,16:33,COMUM
908,01001,-25.413252,-49.205974,16:34,NAO ESPECIFICADO
909,HB301,-25.53848,-49.307088,16:33,PADRON
910,BA037,-25.398441,-49.21234,16:33,COMUM
911,GB601,-25.549546,-49.291173,16:33,ARTICULADO
912,05059,-25.449366,-49.366598,16:33,NAO ESPECIFICADO
913,00050,-25.47237,-49.26447,16:33,NAO ESPECIFICADO
914,CA603,-25.380673,-49.185908,16:34,ARTICULADO
915,MB699,-25.419478,-49.294015,16:33,ARTICULADO
916,BA602,-25.395103,-49.242945,16:34,ARTICULADO
917,BL325,-25.415121,-49.281036,16:34,PADRON
918,HI008,-25.538576,-49.307996,16:33,COMUM
919,09004,-25.48396,-49.34993,16:34,NAO ESPECIFICADO
920,GL309,-25.548661,-49.290865,16:33,PADRON
921,GI602,-25.548546,-49.291571,16:34,ARTICULADO
922,CL304,-25.381115,-49.186205,16:33,PADRON
923,HL318,-25.537428,-49.30712,16:34,PADRON
924,BL333,-25.41504,-49.281185,16:32,PADRON
925,HA028,-25.538588,-49.308131,16:33,COMUM
926,EL329,-25.467346,-49.255928,16:34,PADRON
927,BC005,-25.415451,-49.281328,16:34,COMUM
928,HA609,-25.53874,-49.30763,16:33,ARTICULADO
929,KI600,-25.467285,-49.254865,16:33,ARTICULADO
930,KE701,-25.467075,-49.25488,16:33,BIARTICULADO
931,GE729,-25.549395,-49.291546,16:34,BIARTICULADO
932,HI037,-25.539191,-49.307906,16:32,COMUM
933,BL332,-25.415533,-49.280935,16:34,PADRON
934,GL318,-25.54897,-49.290776,16:33,PADRON
935,06041,-25.44375,-49.20903,16:33,NAO ESPECIFICADO
936,BL300,-25.415135,-49.281271,16:32,PADRON
937,GI859,-25.550083,-49.292035,16:33,MICRO ESPECIAL
938,JI011,-25.449306,-49.366091,16:34,COMUM
939,BI022,-25.394176,-49.242158,16:34,COMUM
940,EL330,-25.467356,-49.25598,16:34,PADRON
941,09051,-25.53066,-49.28761,16:34,NAO ESPECIFICADO
942,BE706,-25.39506,-49.242338,16:34,BIARTICULADO
943,MB698,-25.419396,-49.294188,16:34,ARTICULADO
944,HA614,-25.53911,-49.307491,16:33,ARTICULADO
945,GI024,-25.549285,-49.29221,16:34,COMUM
946,00044,-25.433706,-49.270059,16:34,NAO ESPECIFICADO
947,MI005,-25.419805,-49.29436,16:34,COMUM
948,MA011,-25.419398,-49.294338,16:33,COMUM
949,HA616,-25.540553,-49.308575,16:33,ARTICULADO
950,05058,-25.3851,-49.23283,16:34,NAO ESPECIFICADO
951,JI012,-25.44913,-49.365743,16:33,COMUM
952,GC001,-25.548946,-49.291225,16:34,COMUM
953,HC500,-25.53833,-49.30779,16:33,SEMI PADRON
954,03001,-25.513566,-49.295625,16:33,NAO ESPECIFICADO
955,EL309,-25.467448,-49.256265,16:34,PADRON
956,HA013,-25.538991,-49.30801,16:30,COMUM
957,GL311,-25.548591,-49.290911,16:31,PADRON
958,05055,-25.39663,-49.24332,16:33,NAO ESPECIFICADO
959,03056,-25.44032,-49.271757,16:33,NAO ESPECIFICADO
960,09049,-25.52783,-49.29141,16:33,NAO ESPECIFICADO
961,BC936,-25.395005,-49.24269,16:33,MICRO ESPECIAL
962,GL080,-25.549025,-49.29033,16:33,PADRON
963,CL306,-25.381745,-49.185775,16:33,PADRON
964,DR408,-25.467745,-49.254596,16:33,ARTICULADO
965,GC003,-25.548898,-49.291241,16:34,COMUM
966,HE719,-25.539151,-49.308293,16:32,BIARTICULADO
967,GE705,-25.549646,-49.291575,16:33,BIARTICULADO
968,GD341,-25.548555,-49.291876,16:33,BIARTICULADO
969,JI002,-25.44923,-49.366141,16:33,COMUM
970,BC025,-25.414788,-49.280973,16:33,COMUM
971,JI855,-25.449018,-49.367066,16:31,MICRO ESPECIAL
972,BL304,-25.415433,-49.281433,16:34,PADRON
973,GR035,-25.550245,-49.291505,16:34,ARTICULADO
974,HL308,-25.537645,-49.3069,16:33,PADRON
975,HE730,-25.539143,-49.308315,16:33,BIARTICULADO
976,JA029,-25.44925,-49.365791,16:33,COMUM
977,GE614,-25.549508,-49.291736,16:33,ARTICULADO
978,KA689,-25.469021,-49.254901,16:33,ARTICULADO
979,BI002,-25.399116,-49.212651,16:34,COMUM
980,EL317,-25.467611,-49.256505,16:33,PADRON
981,JA028,-25.449156,-49.36585,16:30,COMUM
982,03044,-25.43953,-49.27124,16:34,NAO ESPECIFICADO
983,ML308,-25.41933,-49.294436,16:33,PADRON
984,09020,-25.4845,-49.2937,16:33,NAO ESPECIFICADO
985,CL038,-25.382211,-49.186235,16:33,PADRON
986,GL306,-25.54853,-49.290921,16:34,PADRON
987,BC017,-25.415488,-49.281311,16:34,COMUM
988,HB609,-25.538125,-49.30741,16:33,ARTICULADO
989,BI006,-25.398518,-49.212376,16:33,COMUM
990,HI014,-25.538531,-49.30808,16:33,COMUM
991,HI613,-25.538603,-49.307711,16:32,ARTICULADO
992,05053,-25.467351,-49.254606,16:33,NAO ESPECIFICADO
993,EA018,-25.469133,-49.255423,16:34,COMUM
994,GL302,-25.548385,-49.290998,16:33,PADRON
995,GA002,-25.54814,-49.291938,16:33,COMUM
996,06060,-25.437431,-49.266419,16:33,NAO ESPECIFICADO
997,JE847,-25.44905,-49.366628,16:33,BIARTICULADO
998,BE704,-25.394791,-49.242406,16:34,BIARTICULADO
999,GE710,-25.548878,-49.291738,16:34,BIARTICULADO
1000,GL314,-25.548811,-49.290786,16:33,PADRON
1001,ML302,-25.419415,-49.29438,16:33,PADRON
1002,DA299,-25.468096,-49.255253,16:34,COMUM
1003,05037,-25.39115,-49.25815,16:34,NAO ESPECIFICADO
1004,05043,-25.41948,-49.26454,16:33,NAO ESPECIFICADO
1005,05002,-25.4061,-49.25263,16:34,NAO ESPECIFICADO
1006,HA604,-25.540166,-49.308486,16:33,ARTICULADO
1007,05057,-25.38876,-49.23621,16:34,NAO ESPECIFICADO
1008,JI007,-25.449275,-49.365936,16:31,COMUM
1009,GC016,-25.548501,-49.291501,16:33,COMUM
1010,HI023,-25.539933,-49.30792,16:34,COMUM
1011,HI001,-25.538505,-49.308023,16:33,COMUM
1012,GL328,-25.549018,-49.291596,16:33,PADRON
1013,09050,-25.548711,-49.291313,16:33,NAO ESPECIFICADO
1014,GC012,-25.548588,-49.291393,16:33,COMUM
1015,EL600,-25.468208,-49.25582,16:33,ARTICULADO
1016,HI299,-25.539711,-49.307716,16:34,COMUM
1017,MC080,-25.419098,-49.294571,16:34,COMUM
1018,MANT3,-25.549861,-49.290986,16:33,NAO ESPECIFICADO
1019,00028,-25.466702,-49.254597,16:33,COMUM
1020,EA017,-25.468438,-49.255703,16:33,COMUM
1021,GL301,-25.548425,-49.29099,16:33,PADRON
1022,02083,-25.544579,-49.265876,16:33,NAO ESPECIFICADO
1023,KB602,-25.46749,-49.254756,16:33,ARTICULADO
1024,JC306,-25.44937,-49.3666,16:27,PADRON
1025,06037,-25.44218,-49.21767,16:33,NAO ESPECIFICADO
1026,HL498,-25.53762,-49.30694,16:33,PADRON
1027,JA027,-25.449296,-49.366045,16:31,COMUM
1028,KE700,-25.466931,-49.255083,16:34,BIARTICULADO
1029,09024,-25.47275,-49.29436,16:33,NAO ESPECIFICADO
1030,MI856,-25.418798,-49.294298,16:33,MICRO ESPECIAL
1031,GC017,-25.548375,-49.291495,16:34,COMUM
1032,GB611,-25.549181,-49.291361,16:33,ARTICULADO
1033,02030,-25.42712,-49.26476,16:33,NAO ESPECIFICADO
1034,EA073,-25.468345,-49.256063,16:33,COMUM
1035,DE710,-25.467606,-49.255383,16:34,BIARTICULADO
1036,BI876,-25.394308,-49.241978,16:33,MICRO ESPECIAL
1037,01019,-25.42835,-49.27325,16:34,NAO ESPECIFICADO
1038,HE701,-25.539348,-49.308101,16:34,BIARTICULADO
1039,EA192,-25.469585,-49.25506,16:33,COMUM
1040,00003,-25.516181,-49.231136,16:33,NAO ESPECIFICADO
1041,05007,-25.37786,-49.26236,16:33,NAO ESPECIFICADO
1042,EB604,-25.46861,-49.254603,16:33,ARTICULADO
1043,BC006,-25.41591,-49.281308,16:33,COMUM
1044,BB600,-25.39853,-49.212096,16:33,ARTICULADO
1045,00027,-25.46671,-49.25437,16:33,NAO ESPECIFICADO
1046,GE703,-25.549535,-49.291475,16:34,BIARTICULADO
1047,GI034,-25.548925,-49.292296,16:34,COMUM
1048,JA035,-25.44869,-49.367123,16:29,COMUM
1049,BC021,-25.415378,-49.28115,16:34,COMUM
1050,05021,-25.4061,-49.25262,16:34,NAO ESPECIFICADO
1051,HA310,-25.538495,-49.307558,16:33,PADRON
1052,EB607,-25.468458,-49.25465,16:34,ARTICULADO
1053,GL329,-25.549293,-49.290616,16:33,PADRON
1054,BB607,-25.398563,-49.21207,16:33,ARTICULADO
1055,HR045,-25.538298,-49.306971,16:34,ARTICULADO
1056,09048,-25.5281,-49.29168,16:33,NAO ESPECIFICADO
1057,DA290,-25.467766,-49.255565,16:33,COMUM
1058,DE703,-25.46789,-49.255213,16:33,BIARTICULADO
1059,05042,-25.41936,-49.26455,16:34,NAO ESPECIFICADO
1060,09062,-25.47505,-49.25863,16:34,NAO ESPECIFICADO
1061,HE704,-25.539293,-49.308156,16:34,BIARTICULADO
1062,JI949,-25.448998,-49.366996,16:29,MICRO ESPECIAL
1063,GD350,-25.548575,-49.291895,16:34,BIARTICULADO
1064,00030,-25.462963,-49.256356,16:33,NAO ESPECIFICADO
1065,HL331,-25.537553,-49.306763,16:33,PADRON
1066,HA190,-25.539433,-49.307828,16:33,COMUM
1067,HL115,-25.537548,-49.306835,16:33,PADRON
1068,JI858,-25.448578,-49.365558,16:33,MICRO ESPECIAL
1069,00049,-25.433857,49.270468,16:33,NAO ESPECIFICADO
1070,HI031,-25.539218,-49.307783,16:31,COMUM
1071,09067,-25.468973,-49.25551,16:33,NAO ESPECIFICADO
1072,GI045,-25.548605,-49.292328,16:33,COMUM
1073,JB611,-25.449068,-49.365101,16:32,ARTICULADO
1074,06003,-25.44032,-49.22095,16:34,NAO ESPECIFICADO
1075,HI005,-25.538423,-49.308011,16:34,COMUM
1076,HA191,-25.539533,-49.307693,16:32,COMUM
1077,GB600,-25.549626,-49.291161,16:33,ARTICULADO
1078,BI854,-25.387068,-49.202738,16:33,MICRO ESPECIAL
1079,HR413,-25.538726,-49.307486,16:30,ARTICULADO
1080,BL609,-25.414855,-49.280873,16:34,ARTICULADO
1081,MANT2,-25.54996,-49.290881,16:34,NAO ESPECIFICADO
1082,MC307,-25.419576,-49.293935,16:34,PADRON
1083,GA001,-25.548155,-49.291951,16:34,COMUM
1084,GE731,-25.549686,-49.291448,16:33,BIARTICULADO
1085,06022,-25.43573,-49.2574,16:33,NAO ESPECIFICADO
1086,09065,-25.46908,-49.25385,16:33,NAO ESPECIFICADO
1087,BC316,-25.398286,-49.212078,16:33,HIBRIDO
1088,BI031,-25.414926,-49.280888,16:34,COMUM
1089,BL611,-25.414726,-49.280751,16:34,ARTICULADO
1090,03008,-25.511663,-49.323774,16:33,NAO ESPECIFICADO
1091,HL330,-25.53769,-49.306831,16:33,PADRON
1092,GE726,-25.5497,-49.291626,16:33,BIARTICULADO
1093,BC324,-25.39507,-49.242721,16:33,PADRON
1094,HE722,-25.538991,-49.308303,16:32,BIARTICULADO
1095,JL315,-25.448623,-49.366131,16:33,PADRON
1096,JE707,-25.448986,-49.366496,16:32,BIARTICULADO
1097,JI014,-25.449136,-49.365748,16:34,COMUM
1098,HA617,-25.538653,-49.307505,16:33,ARTICULADO
1099,BL321,-25.415065,-49.280506,16:34,PADRON
1100,DL302,-25.467578,-49.254991,16:33,PADRON
1101,ML313,-25.419191,-49.294716,16:33,PADRON
1102,BB610,-25.398773,-49.212923,16:34,ARTICULADO
1103,GD343,-25.5487,-49.29177,16:33,BIARTICULADO
1104,BE720,-25.399155,-49.212861,16:34,BIARTICULADO
1105,06063,-25.436103,-49.27491,16:33,NAO ESPECIFICADO
1106,BE707,-25.39463,-49.242635,16:33,BIARTICULADO
1107,JA031,-25.449168,-49.36617,16:34,COMUM
1108,EL306,-25.467425,-49.256521,16:33,PADRON
1109,HL307,-25.53758,-49.306766,16:33,PADRON
1110,09003,-25.447347,-49.32785,16:33,NAO ESPECIFICADO
1111,03009,-25.47597,-49.29242,16:33,NAO ESPECIFICADO
1112,BI882,-25.394696,-49.242445,16:33,MICRO ESPECIAL
1113,02041,-25.524875,-49.247519,16:33,NAO ESPECIFICADO
1114,KB600,-25.467318,-49.256075,16:33,ARTICULADO
1115,HC001,-25.538235,-49.30787,16:34,COMUM
1116,GA181,-25.54814,-49.292006,16:33,COMUM
1117,03049,-25.43778,-49.26699,16:34,NAO ESPECIFICADO
1118,JL322,-25.448656,-49.366065,16:32,PADRON
1119,GE702,-25.548933,-49.29177,16:34,BIARTICULADO
1120,HL329,-25.5375,-49.306946,16:31,PADRON
1121,DE714,-25.467686,-49.255361,16:34,BIARTICULADO
1122,JE704,-25.448995,-49.366546,16:29,BIARTICULADO
1123,HE607,-25.538318,-49.307235,16:34,ARTICULADO
1124,HI857,-25.537243,-49.30665,16:32,MICRO ESPECIAL
1125,HA607,-25.538753,-49.307716,16:34,ARTICULADO
1126,GI056,-25.548153,-49.292218,16:34,COMUM
1127,JI003,-25.449171,-49.366095,16:31,COMUM
1128,BA028,-25.395498,-49.242975,16:33,COMUM
1129,HD244,-25.53888,-49.307096,16:34,BIARTICULADO
1130,KA696,-25.467351,-49.25483,16:30,ARTICULADO
1131,03002,-25.513596,-49.294466,16:34,NAO ESPECIFICADO
1132,DL300,-25.467385,-49.255936,16:34,PADRON
1133,03038,-25.44541,-49.28501,16:34,NAO ESPECIFICADO
1134,08022,-25.428253,-49.28478,16:33,NAO ESPECIFICADO
1135,EL302,-25.467553,-49.25645,16:33,PADRON
1136,HE702,-25.539588,-49.308088,16:33,BIARTICULADO
1137,EL316,-25.467518,-49.256478,16:34,PADRON
1138,HL313,-25.537646,-49.30696,16:34,PADRON
1139,BL340,-25.41587,-49.281191,16:34,PADRON
1140,BI856,-25.399126,-49.212668,16:32,MICRO ESPECIAL
1141,JC316,-25.449398,-49.36694,16:34,PADRON
1142,HE716,-25.539663,-49.308078,16:32,BIARTICULADO
1143,09001,-25.47727,-49.32782,16:34,NAO ESPECIFICADO
1144,JL300,-25.448705,-49.366131,16:34,PADRON
1145,CR804,-25.381248,-49.18609,16:33,ARTICULADO
1146,BE701,-25.39464,-49.242163,16:33,BIARTICULADO
1147,BD144,-25.394963,-49.242466,16:33,BIARTICULADO
1148,JE849,-25.449031,-49.366843,16:34,BIARTICULADO
1149,HE727,-25.539205,-49.30825,16:32,BIARTICULADO
1150,KA605,-25.467218,-49.254656,16:30,ARTICULADO
1151,DL309,-25.467641,-49.254933,16:33,PADRON
1152,BC301,-25.395135,-49.242748,16:33,PADRON
1153,05031,-25.4199,-49.26904,16:33,NAO ESPECIFICADO
1154,JC318,-25.449485,-49.36677,16:32,HIBRIDO
1155,GA602,-25.548878,-49.291491,16:33,ARTICULADO
1156,DE704,-25.468,-49.255145,16:33,BIARTICULADO
1157,06057,-25.43565,-49.25667,16:33,NAO ESPECIFICADO
1158,DN606,-25.468126,-49.25475,16:32,MICRO ESPECIAL
1159,BB306,-25.510736,-49.341748,16:34,HIBRIDO
1160,HL320,-25.537633,-49.307025,16:26,PADRON
1161,03053,-25.471918,-49.285708,16:33,NAO ESPECIFICADO
1162,BC320,-25.39837,-49.212176,16:34,HIBRIDO
1163,BA020,-25.41544,-49.281245,16:33,COMUM
1164,BC029,-25.398411,-49.212188,16:33,COMUM
1165,DR805,-25.4681,-49.254778,16:33,ARTICULADO
1166,05038,-25.423686,-49.268395,16:33,NAO ESPECIFICADO
1167,GE707,-25.548966,-49.291745,16:33,BIARTICULADO
1168,HE700,-25.539763,-49.308038,16:32,BIARTICULADO
1169,07029,-25.42835,-49.27325,16:34,NAO ESPECIFICADO
1170,GE733,-25.549146,-49.291686,16:33,BIARTICULADO
1171,JA299,-25.449145,-49.366293,16:26,COMUM
1172,JE709,-25.448975,-49.36643,16:29,BIARTICULADO
1173,MANT1,-25.415228,-49.280551,16:33,NAO ESPECIFICADO
1174,GA180,-25.548146,-49.292033,16:32,COMUM
1175,JI001,-25.4491,-49.366058,16:32,COMUM
1176,BB615,-25.39879,-49.211966,16:34,ARTICULADO
1177,HL118,-25.537558,-49.306766,16:34,PADRON
1178,HA019,-25.539806,-49.307721,16:33,COMUM
1179,JI300,-25.449168,-49.366245,16:33,PADRON
1180,MC303,-25.419586,-49.294268,16:33,PADRON
1181,GC011,-25.548635,-49.291388,16:34,COMUM
1182,GE732,-25.549061,-49.291735,16:34,BIARTICULADO
1183,HL117,-25.537576,-49.307276,16:33,PADRON
1184,BC932,-25.394411,-49.242448,16:33,MICRO ESPECIAL
1185,00051,-25.47269,-49.26443,16:33,NAO ESPECIFICADO
1186,00064,-25.448558,-49.365025,16:34,NAO ESPECIFICADO
1187,EA005,-25.469036,-49.255515,16:33,COMUM
1188,02033,-25.4179,-49.4179,16:33,NAO ESPECIFICADO
1189,GD342,-25.548598,-49.291833,16:34,BIARTICULADO
1190,03003,-25.511791,-49.295864,16:33,NAO ESPECIFICADO
1191,00047,-25.433758,-49.270597,16:32,NAO ESPECIFICADO
1192,BL331,-25.415021,-49.28122,16:33,PADRON
1193,HI019,-25.540231,-49.308016,16:34,COMUM
1194,HA312,-25.538358,-49.307593,16:34,PADRON
1195,EA190,-25.46956,-49.25507,16:33,COMUM
1196,DR401,-25.468091,-49.255238,16:34,ARTICULADO
1197,BL302,-25.41554,-49.281201,16:33,PADRON
1198,BI003,-25.39851,-49.212468,16:33,COMUM
1199,GE717,-25.549218,-49.291605,16:33,BIARTICULADO
1200,JA037,-25.449068,-49.365706,16:33,COMUM
1201,JB607,-25.448578,-49.365586,16:32,ARTICULADO
1202,JL311,-25.448743,-49.36592,16:29,PADRON
1203,HB607,-25.537916,-49.307313,16:33,ARTICULADO
1204,EI020,-25.467296,-49.255823,16:33,COMUM
1205,JI023,-25.44929,-49.365855,16:33,COMUM
1206,GE721,-25.549238,-49.291143,16:33,BIARTICULADO
1207,HR408,-25.539026,-49.307513,16:33,ARTICULADO
1208,HE600,-25.538206,-49.307263,16:33,ARTICULADO
1209,JB699,-25.449261,-49.36719,16:32,ARTICULADO
1210,MR800,-25.419001,-49.294416,16:33,ARTICULADO
1211,EL321,-25.468396,-49.254661,16:33,PADRON
1212,ML312,-25.41927,-49.294783,16:29,PADRON
1213,09031,-25.436084,-49.273658,16:34,NAO ESPECIFICADO
1214,JI004,-25.449138,-49.36603,16:33,COMUM
1215,GE723,-25.549626,-49.291421,16:33,BIARTICULADO
1216,GA177,-25.548148,-49.292158,16:33,COMUM
1217,EA198,-25.46876,-49.255723,16:29,COMUM
1218,EI005,-25.467196,-49.255638,16:34,COMUM
1219,EB602,-25.468571,-49.254608,16:33,ARTICULADO
1220,EA016,-25.468415,-49.255643,16:34,COMUM
1221,03039,-25.44521,-49.28504,16:34,NAO ESPECIFICADO
1222,BE726,-25.394583,-49.242688,16:34,BIARTICULADO
1223,HA611,-25.538433,-49.307586,16:34,ARTICULADO
1224,05008,-25.37724,-49.26244,16:33,NAO ESPECIFICADO
1225,JC313,-25.449455,-49.366693,16:22,PADRON
1226,03046,-25.448873,-49.36524,16:34,NAO ESPECIFICADO
1227,DA293,-25.46818,-49.255523,16:33,COMUM
1228,BI005,-25.399186,-49.212551,16:31,COMUM
1229,DE715,-25.467896,-49.255163,16:33,BIARTICULADO
1230,BB309,-25.414511,-49.280896,16:33,HIBRIDO
1231,HA602,-25.53905,-49.307505,16:33,ARTICULADO
1232,EA023,-25.468416,-49.255855,16:33,COMUM
1233,HA010,-25.539578,-49.307645,16:33,COMUM
1234,HA618,-25.538848,-49.307576,16:33,ARTICULADO
1235,BI883,-25.39403,-49.242015,16:33,MICRO ESPECIAL
1236,GE604,-25.550556,-49.291693,16:33,ARTICULADO
1237,JL323,-25.50612,-49.312866,16:34,PADRON
1238,KA299,-25.467401,-49.254791,16:33,COMUM
1239,GB603,-25.549471,-49.291213,16:33,ARTICULADO
1240,00012,-25.5341,-49.26715,16:34,NAO ESPECIFICADO
1241,HI015,-25.539158,-49.307898,16:34,COMUM
1242,BI301,-25.395325,-49.24285,16:33,PADRON
1243,GE715,-25.548803,-49.291773,16:33,BIARTICULADO
1244,GE712,-25.54924,-49.29109,16:33,BIARTICULADO
1245,BI855,-25.414531,-49.280523,16:33,MICRO ESPECIAL
1246,CL601,-25.381488,-49.185428,16:33,ARTICULADO
1247,KA603,-25.467783,-49.256186,16:34,ARTICULADO
1248,EA213,-25.468471,-49.255976,16:33,COMUM
1249,HE712,-25.539401,-49.308135,16:34,BIARTICULADO
1250,00009,-25.4814,-49.24689,16:33,NAO ESPECIFICADO
1251,DC294,-25.468323,-49.255703,16:33,COMUM
1252,DL040,-25.46822,-49.25473,16:33,PADRON
1253,JL308,-25.448593,-49.365943,16:30,PADRON
1254,GI039,-25.54883,-49.292325,16:33,COMUM
1255,HE710,-25.539918,-49.307953,16:33,BIARTICULADO
1256,GL316,-25.54892,-49.290768,16:34,PADRON
1257,HB699,-25.53797,-49.307501,16:31,ARTICULADO
1258,JL600,-25.449235,-49.367196,16:33,ARTICULADO
1259,05023,-25.40693,-49.25272,16:33,NAO ESPECIFICADO
1260,JL307,-25.448715,-49.365853,16:34,PADRON
1261,HA025,-25.5394,-49.307843,16:33,COMUM
1262,DC088,-25.46829,-49.255093,16:34,COMUM
1263,CA010,-25.381683,-49.18614,16:33,COMUM
1264,HL302,-25.537565,-49.307218,16:32,PADRON
1265,GE716,-25.549508,-49.29079,16:33,BIARTICULADO
1266,HI858,-25.537243,-49.30663,16:34,MICRO ESPECIAL
1267,HC011,-25.538333,-49.307653,16:33,COMUM
1268,03050,-25.42962,-49.26724,16:33,NAO ESPECIFICADO
1269,06046,-25.44079,-49.23669,16:33,NAO ESPECIFICADO
1270,HE729,-25.539965,-49.307991,16:34,BIARTICULADO
1271,BC313,-25.394758,-49.242655,16:34,HIBRIDO
1272,GI054,-25.548303,-49.292371,16:33,COMUM
1273,BC323,-25.394806,-49.242496,16:34,PADRON
1274,JI853,-25.449265,-49.365376,16:33,MICRO ESPECIAL
1275,BA030,-25.3955,-49.242925,16:33,COMUM
1276,GI852,-25.550345,-49.292011,16:33,MICRO ESPECIAL
1277,MC300,-25.419226,-49.294441,16:34,PADRON
1278,HE611,-25.538235,-49.307008,16:34,ARTICULADO
1279,CA012,-25.382258,-49.186081,16:33,COMUM
1280,EA188,-25.469006,-49.25553,16:33,COMUM
1281,BT004,-25.415256,-49.280691,16:33,PADRON
1282,HI020,-25.538735,-49.308083,16:33,COMUM
1283,04024,-25.449781,-49.28452,16:34,NAO ESPECIFICADO
1284,DA297,-25.467381,-49.256275,16:34,COMUM
1285,EA022,-25.468801,-49.255685,16:33,COMUM
1286,GA179,-25.54814,-49.29209,16:33,COMUM
1287,06023,-25.43565,-49.25667,16:34,NAO ESPECIFICADO
1288,DA300,-25.467638,-49.254583,16:32,PADRON
1289,00018,-25.49625,-49.24008,16:34,NAO ESPECIFICADO
1290,GI025,-25.54924,-49.292213,16:34,COMUM
1291,JA699,-25.448541,-49.366686,16:32,ARTICULADO
1292,BI007,-25.398438,-49.21231,16:33,COMUM
1293,HE613,-25.538486,-49.307165,16:33,ARTICULADO
1294,BC007,-25.415121,-49.281233,16:34,COMUM
1295,GL308,-25.548626,-49.290906,16:32,PADRON
1296,GL324,-25.549176,-49.290663,16:34,PADRON
1297,CL303,-25.382086,-49.186518,16:33,PADRON
1298,EA600,-25.46766,-49.25614,16:34,ARTICULADO
1299,BC851,-25.398461,-49.21273,16:34,MICRO ESPECIAL
1300,00069,-25.53246,-49.26183,16:34,NAO ESPECIFICADO
1301,DA019,-25.467881,-49.255921,16:33,COMUM
1302,BB301,-25.398763,-49.211965,16:34,PADRON
1303,BA604,-25.395343,-49.242676,16:34,ARTICULADO
1304,EA200,-25.46873,-49.25561,16:33,COMUM
1305,03022,-25.44981,-49.28466,16:33,NAO ESPECIFICADO
1306,EA699,-25.468568,-49.255345,16:34,ARTICULADO
1307,JB608,-25.449188,-49.365166,16:30,ARTICULADO
1308,08024,-25.450123,-49.353613,16:33,NAO ESPECIFICADO
1309,HC304,-25.540028,-49.307728,16:31,HIBRIDO
1310,JI021,-25.449228,-49.366031,16:33,COMUM
1311,GE730,-25.549433,-49.291561,16:34,BIARTICULADO
1312,MANT7,-25.449585,-49.366973,16:33,NAO ESPECIFICADO
1313,HC301,-25.539903,-49.30776,16:33,HIBRIDO
1314,BB611,-25.398495,-49.212068,16:30,ARTICULADO
1315,BN615,-25.414591,-49.281155,16:33,MICRO ESPECIAL
1316,HB601,-25.53804,-49.307443,16:33,ARTICULADO
1317,JI856,-25.44903,-49.367155,16:33,MICRO ESPECIAL
1318,HA005,-25.538921,-49.307868,16:34,COMUM
1319,09069,-25.434,-49.26928,16:32,NAO ESPECIFICADO
1320,BL605,-25.414756,-49.280878,16:33,ARTICULADO
1321,BL322,-25.415073,-49.28049,16:33,PADRON
1322,GL307,-25.548545,-49.290946,16:34,PADRON
1323,EL304,-25.4677,-49.25652,16:34,PADRON
1324,JI301,-25.449356,-49.366718,16:33,PADRON
1325,HI018,-25.538753,-49.308041,16:33,COMUM
1326,CI006,-25.381835,-49.186166,16:33,COMUM
1327,06001,-25.452808,-49.214587,16:33,NAO ESPECIFICADO
1328,09018,-25.48778,-49.29434,16:33,NAO ESPECIFICADO
1329,BC001,-25.395536,-49.242845,16:33,COMUM
1330,HI611,-25.53856,-49.307616,16:33,ARTICULADO
1331,03042,-25.44105,-49.27566,16:33,NAO ESPECIFICADO
1332,00002,-25.516136,-49.23025,16:33,NAO ESPECIFICADO
1333,BC928,-25.415705,-49.28123,16:33,MICRO ESPECIAL
1334,03033,-25.45685,-49.29861,16:34,NAO ESPECIFICADO
1335,GI013,-25.549661,-49.292153,16:34,COMUM
1336,HB695,-25.538065,-49.307431,16:34,ARTICULADO
1337,BC279,-25.395593,-49.24286,16:34,COMUM
1338,03027,-25.54807,-49.291826,16:33,NAO ESPECIFICADO
1339,JE705,-25.449015,-49.366823,16:32,BIARTICULADO
1340,GR034,-25.550456,-49.291786,16:33,ARTICULADO
1341,BI012,-25.394848,-49.242518,16:33,COMUM
1342,03060,-25.49635,-49.27047,16:34,NAO ESPECIFICADO
1343,JC601,-25.4486,-49.366656,16:34,ARTICULADO
1344,BA026,-25.395261,-49.242686,16:33,COMUM
1345,05044,-25.416009,-49.261549,16:34,NAO ESPECIFICADO
1346,HA031,-25.539506,-49.307823,16:34,COMUM
1347,02035,-25.41577,-49.26627,16:34,NAO ESPECIFICADO
1348,EA013,-25.468516,-49.25593,16:34,COMUM
1349,EL320,-25.468345,-49.254741,16:33,PADRON
1350,09021,-25.48441,-49.29372,16:34,NAO ESPECIFICADO
1351,GR125,-25.549015,-49.291395,16:33,ARTICULADO
1352,BD140,-25.394948,-49.242508,16:33,BIARTICULADO
1353,BB606,-25.398585,-49.212011,16:33,ARTICULADO
1354,EL319,-25.46834,-49.254718,16:33,PADRON
1355,HA311,-25.538355,-49.307721,16:34,PADRON
1356,EA011,-25.46874,-49.255743,16:33,COMUM
1357,EB603,-25.467525,-49.256073,16:34,ARTICULADO
1358,06056,-25.43573,-49.2574,16:33,NAO ESPECIFICADO
1359,EA698,-25.467611,-49.256181,16:34,ARTICULADO
1360,HC002,-25.538325,-49.307796,16:33,COMUM
1361,GE734,-25.548663,-49.291878,16:33,BIARTICULADO
1362,MT012,-25.419211,-49.294828,16:29,PADRON
1363,GI001,-25.55007,-49.29211,16:33,COMUM
1364,BC020,-25.41437,-49.281016,16:30,COMUM
1365,GL312,-25.548775,-49.290856,16:33,PADRON
1366,BA015,-25.414606,-49.280668,16:34,COMUM
1367,09032,-25.436245,-49.273444,16:33,NAO ESPECIFICADO
1368,HA192,-25.539423,-49.30772,16:34,COMUM
1369,JI016,-25.449155,-49.366323,16:32,COMUM
1370,06055,-25.435505,-49.250544,16:33,NAO ESPECIFICADO
1371,06030,-25.46049,-49.21173,16:33,NAO ESPECIFICADO
1372,06024,-25.448356,-49.365423,16:33,NAO ESPECIFICADO
1373,EA203,-25.468915,-49.25559,16:34,COMUM
1374,JI857,-25.449013,-49.366973,16:29,MICRO ESPECIAL
1375,JC009,-25.449425,-49.366881,16:33,COMUM
1376,03068,-25.444923,-49.285403,16:34,NAO ESPECIFICADO
1377,BB308,-25.415408,-49.280925,16:33,HIBRIDO
1378,BL600,-25.414676,-49.280721,16:33,ARTICULADO
1379,BC310,-25.39563,-49.242813,16:34,PADRON
1380,EA211,-25.46843,-49.255986,16:33,COMUM
1381,DC850,-25.468323,-49.255355,16:34,MICRO ESPECIAL
1382,00042,-25.43874,-49.26822,16:33,NAO ESPECIFICADO
1383,GN608,-25.550395,-49.29196,16:33,MICRO ESPECIAL
1384,GL319,-25.54899,-49.290743,16:33,PADRON
1385,BI888,-25.393836,-49.24237,16:34,MICRO ESPECIAL
1386,DL301,-25.467616,-49.25495,16:33,PADRON
1387,CL602,-25.381515,-49.185508,16:34,ARTICULADO
1388,JL602,-25.449406,-49.366558,16:32,ARTICULADO
1389,CI001,-25.381788,-49.186158,16:33,COMUM
1390,BI863,-25.399181,-49.212711,16:33,MICRO ESPECIAL
1391,HA020,-25.539475,-49.307846,16:34,COMUM
1392,GR036,-25.550026,-49.291755,16:34,ARTICULADO
1393,KE705,-25.467085,-49.254861,16:34,BIARTICULADO
1394,GI301,-25.548405,-49.29164,16:33,PADRON
1395,DE707,-25.467701,-49.255351,16:33,BIARTICULADO
1396,HL305,-25.53765,-49.306965,16:33,PADRON
1397,BL329,-25.415256,-49.28128,16:33,PADRON
1398,JE846,-25.449028,-49.366773,16:33,BIARTICULADO
1399,GE610,-25.5504,-49.291823,16:33,ARTICULADO
1400,00017,-25.49621,-49.24015,16:33,NAO ESPECIFICADO
1401,BE728,-25.394791,-49.242895,16:34,BIARTICULADO
1402,EL313,-25.46754,-49.256611,16:34,PADRON
1403,BL316,-25.415223,-49.280731,16:32,PADRON
1404,BI020,-25.395168,-49.242326,16:33,COMUM
1405,KI601,-25.467431,-49.254803,16:33,ARTICULADO
1406,00024,-25.477026,-49.24965,16:34,NAO ESPECIFICADO
1407,DL316,-25.467551,-49.255001,16:33,PADRON
1408,GI022,-25.54938,-49.292196,16:34,COMUM
1409,BD135,-25.394775,-49.242916,16:30,BIARTICULADO
1410,05024,-25.40675,-49.25248,16:33,NAO ESPECIFICADO
1411,JC308,-25.449386,-49.367045,16:31,PADRON
1412,03043,-25.441,-49.27533,16:33,NAO ESPECIFICADO
1413,DA020,-25.46833,-49.255021,16:33,COMUM
1414,CL301,-25.381125,-49.186221,16:34,PADRON
1415,EA025,-25.468426,-49.255691,16:33,COMUM
1416,09070,-25.434188,-49.269148,16:33,NAO ESPECIFICADO
1417,CC194,-25.38166,-49.18619,16:34,COMUM
1418,KE707,-25.467011,-49.254895,16:33,BIARTICULADO
1419,HI010,-25.514915,-49.31435,16:33,COMUM
1420,MA012,-25.419255,-49.294525,16:34,COMUM
1421,BB620,-25.398625,-49.212051,16:34,ARTICULADO
1422,GE600,-25.550323,-49.29167,16:33,ARTICULADO
1423,GI012,-25.549698,-49.29211,16:34,COMUM
1424,GB602,-25.54951,-49.291191,16:33,ARTICULADO
1425,BA014,-25.415313,-49.281371,16:33,COMUM
1426,CC300,-25.382,-49.185798,16:33,HIBRIDO
1427,BC012,-25.414911,-49.280448,16:33,COMUM
1428,DR800,-25.468568,-49.254955,16:34,ARTICULADO
1429,BC321,-25.414483,-49.281146,16:34,PADRON
1430,HA193,-25.538983,-49.307876,16:33,COMUM
1431,BC300,-25.41446,-49.281203,16:33,PADRON
1432,EL314,-25.46759,-49.256243,16:33,PADRON
1433,09030,-25.436244,-49.273444,16:33,NAO ESPECIFICADO
1434,GC015,-25.548526,-49.291436,16:33,COMUM
1435,JL318,-25.448696,-49.365833,16:33,PADRON
1436,HE706,-25.539288,-49.30816,16:33,BIARTICULADO
1437,GL304,-25.548505,-49.290965,16:33,PADRON
1438,09011,-25.468278,-49.255445,16:33,NAO ESPECIFICADO
1439,GL323,-25.549153,-49.29067,16:30,PADRON
1440,GE613,-25.550273,-49.29167,16:34,ARTICULADO
1441,EA002,-25.468153,-49.256241,16:34,COMUM
1442,CB697,-25.38197,-49.186451,16:34,ARTICULADO
1443,HI600,-25.538568,-49.307745,16:33,ARTICULADO
1444,HA011,-25.539475,-49.307815,16:33,COMUM
1445,04022,-25.4327,-49.2653,16:34,NAO ESPECIFICADO
1446,HE709,-25.539731,-49.308023,16:33,BIARTICULADO
1447,05049,-25.40931,-49.25508,16:34,NAO ESPECIFICADO
1448,HL312,-25.537558,-49.306686,16:34,PADRON
1449,JL301,-25.448508,-49.365403,16:33,PADRON
1450,JC600,-25.448621,-49.36669,16:33,ARTICULADO
1451,JI298,-25.449426,-49.366661,16:33,COMUM
1452,JL302,-25.448628,-49.365925,16:30,PADRON
1453,JB499,-25.448626,-49.365483,16:33,PADRON
1454,BE715,-25.39537,-49.242821,16:20,BIARTICULADO
1455,06031,-25.46044,-49.21183,16:33,NAO ESPECIFICADO
1456,JC303,-25.449388,-49.366915,16:34,PADRON
1457,BA016,-25.41443,-49.280921,16:33,COMUM
1458,JA021,-25.448626,-49.366196,16:30,COMUM
1459,JA024,-25.44924,-49.365711,16:33,COMUM
1460,BL314,-25.415168,-49.281266,16:27,PADRON
1461,ML305,-25.419115,-49.294541,16:21,PADRON
1462,HE725,-25.538905,-49.307978,16:23,BIARTICULADO
1463,DE702,-25.46728,-49.255406,16:24,BIARTICULADO
1464,CL302,-25.381143,-49.186215,16:33,PADRON
1465,JA034,-25.44931,-49.366291,16:33,COMUM
1466,DN400,-25.466926,-49.204695,16:34,MICRO ESPECIAL
1467,EI019,-25.48213,-49.246638,16:33,COMUM
